0;637;[0, 33, 20, 29, 30, 28, 17, 16, 18, 5, 3, 2, 1, 4, 58, 56, 37, 9, 8, 6, 52, 22, 21, 14, 57, 44, 38, 43, 48, 26, 49, 55, 39, 46, 45, 19, 24, 23, 31, 32, 25, 47, 53, 11, 42, 40, 34, 50, 10, 36, 35, 7, 13, 12, 15, 27, 51, 41, 54, 0]
1;636;[0, 1, 58, 56, 34, 42, 40, 33, 53, 47, 50, 25, 11, 38, 35, 4, 3, 2, 5, 57, 12, 7, 6, 8, 13, 9, 32, 31, 23, 24, 10, 39, 46, 45, 30, 29, 44, 28, 43, 48, 26, 49, 55, 36, 37, 20, 16, 18, 19, 17, 51, 52, 21, 22, 14, 15, 41, 27, 54, 0]
2;652;[0, 24, 23, 37, 32, 31, 12, 13, 8, 6, 4, 5, 57, 58, 56, 35, 36, 34, 50, 10, 17, 16, 19, 20, 18, 44, 29, 28, 30, 46, 45, 3, 1, 2, 48, 43, 38, 26, 49, 39, 55, 53, 11, 42, 40, 14, 21, 22, 9, 7, 15, 51, 52, 41, 27, 54, 25, 47, 33, 0]
3;570;[0, 17, 16, 18, 19, 20, 30, 28, 44, 46, 45, 24, 23, 49, 39, 48, 43, 29, 9, 7, 6, 8, 4, 2, 1, 5, 3, 56, 35, 36, 58, 57, 32, 31, 37, 15, 12, 13, 14, 21, 22, 52, 51, 41, 27, 54, 33, 26, 47, 50, 10, 55, 11, 53, 40, 42, 25, 34, 38, 0]
4;584;[0, 5, 35, 37, 9, 8, 6, 13, 12, 7, 14, 32, 31, 1, 2, 4, 3, 36, 28, 30, 29, 46, 44, 48, 39, 10, 50, 47, 33, 11, 53, 34, 42, 40, 25, 38, 23, 24, 18, 20, 17, 16, 19, 57, 58, 56, 43, 26, 49, 55, 45, 52, 27, 51, 41, 54, 21, 22, 15, 0]
5;602;[0, 18, 19, 20, 17, 16, 23, 24, 38, 43, 48, 26, 49, 39, 55, 50, 25, 11, 53, 33, 34, 40, 42, 10, 47, 41, 52, 51, 21, 54, 57, 32, 9, 37, 5, 36, 35, 15, 14, 27, 45, 46, 44, 58, 56, 1, 2, 3, 4, 31, 8, 6, 7, 12, 13, 22, 30, 28, 29, 0]
6;558;[0, 32, 57, 58, 56, 1, 2, 4, 19, 20, 18, 17, 16, 43, 48, 30, 29, 28, 44, 45, 46, 25, 34, 42, 40, 53, 11, 33, 47, 50, 10, 55, 39, 49, 26, 38, 54, 21, 22, 13, 12, 8, 6, 7, 14, 37, 35, 31, 36, 23, 24, 5, 9, 3, 15, 52, 51, 41, 27, 0]
7;599;[0, 58, 4, 36, 37, 35, 15, 26, 11, 53, 25, 40, 42, 34, 49, 43, 48, 38, 24, 23, 5, 56, 57, 2, 1, 3, 32, 31, 7, 12, 13, 14, 6, 8, 9, 28, 29, 30, 44, 46, 45, 22, 21, 27, 41, 51, 52, 54, 39, 55, 10, 50, 47, 33, 20, 19, 18, 17, 16, 0]
8;561;[0, 21, 22, 31, 32, 7, 8, 6, 9, 15, 13, 12, 14, 54, 41, 52, 51, 27, 38, 5, 40, 42, 34, 43, 48, 26, 49, 39, 55, 33, 47, 25, 11, 53, 50, 10, 35, 36, 37, 30, 28, 29, 46, 44, 45, 23, 24, 4, 58, 56, 57, 3, 1, 2, 18, 19, 20, 16, 17, 0]
9;580;[0, 52, 51, 38, 55, 33, 40, 42, 34, 44, 46, 45, 29, 28, 30, 43, 48, 26, 49, 39, 10, 50, 47, 25, 53, 11, 58, 56, 32, 31, 37, 57, 4, 5, 2, 3, 1, 19, 20, 16, 17, 18, 24, 23, 21, 22, 15, 13, 12, 8, 6, 9, 7, 14, 41, 27, 54, 36, 35, 0]
10;562;[0, 15, 54, 14, 13, 12, 7, 8, 6, 58, 56, 2, 3, 1, 38, 45, 46, 44, 29, 28, 30, 18, 17, 16, 20, 19, 23, 24, 43, 48, 27, 41, 51, 52, 21, 22, 9, 57, 32, 31, 55, 39, 26, 49, 10, 50, 47, 53, 11, 25, 42, 40, 34, 33, 4, 5, 36, 35, 37, 0]
11;556;[0, 17, 16, 19, 20, 18, 24, 23, 38, 48, 43, 13, 8, 6, 15, 9, 4, 58, 56, 31, 57, 2, 1, 5, 37, 35, 36, 28, 29, 30, 45, 46, 44, 3, 32, 26, 49, 39, 55, 10, 50, 47, 33, 25, 34, 53, 11, 40, 42, 14, 7, 12, 21, 22, 51, 52, 41, 27, 54, 0]
12;554;[0, 15, 5, 1, 2, 4, 3, 32, 58, 56, 57, 31, 35, 36, 37, 12, 19, 20, 16, 17, 18, 30, 29, 28, 44, 46, 45, 51, 52, 41, 27, 54, 8, 7, 9, 6, 13, 14, 21, 22, 25, 11, 53, 47, 50, 10, 55, 24, 23, 38, 43, 48, 26, 49, 39, 33, 42, 40, 34, 0]
13;533;[0, 1, 2, 3, 4, 58, 56, 57, 15, 32, 31, 36, 35, 28, 29, 30, 44, 45, 46, 48, 43, 38, 26, 49, 39, 55, 10, 50, 47, 33, 53, 42, 40, 11, 25, 34, 37, 5, 6, 8, 7, 14, 13, 12, 23, 24, 9, 27, 51, 52, 41, 54, 21, 22, 16, 17, 19, 20, 18, 0]
14;534;[0, 5, 38, 55, 10, 50, 47, 33, 25, 11, 53, 42, 40, 34, 37, 58, 56, 57, 32, 31, 1, 2, 4, 3, 21, 22, 51, 52, 41, 54, 27, 30, 29, 28, 44, 45, 46, 43, 48, 26, 49, 39, 18, 19, 17, 16, 20, 23, 24, 35, 36, 6, 8, 7, 14, 13, 12, 9, 15, 0]
15;514;[0, 15, 9, 8, 6, 7, 14, 22, 21, 12, 13, 16, 17, 19, 20, 18, 30, 29, 28, 44, 46, 45, 10, 55, 39, 49, 26, 48, 43, 38, 36, 35, 37, 25, 11, 42, 40, 34, 53, 47, 50, 33, 54, 27, 41, 52, 51, 31, 32, 57, 58, 56, 2, 1, 3, 4, 5, 23, 24, 0]
16;517;[0, 20, 18, 19, 17, 16, 44, 46, 45, 30, 28, 29, 33, 25, 34, 40, 42, 11, 53, 10, 50, 47, 15, 35, 36, 37, 5, 1, 2, 3, 4, 58, 56, 57, 32, 31, 55, 39, 26, 49, 48, 43, 38, 23, 24, 21, 22, 14, 12, 13, 6, 7, 8, 9, 27, 51, 52, 41, 54, 0]
17;492;[0, 18, 17, 16, 56, 58, 4, 2, 1, 5, 3, 32, 31, 37, 36, 35, 9, 8, 6, 13, 12, 7, 14, 21, 22, 45, 46, 44, 29, 30, 26, 49, 39, 55, 10, 50, 47, 33, 53, 25, 11, 40, 42, 34, 48, 43, 38, 23, 24, 20, 19, 28, 57, 15, 52, 41, 51, 27, 54, 0]
18;500;[0, 20, 18, 17, 16, 19, 39, 55, 10, 50, 47, 25, 11, 53, 42, 40, 34, 33, 38, 1, 2, 3, 5, 57, 32, 31, 37, 36, 35, 58, 56, 23, 24, 8, 6, 9, 7, 13, 12, 21, 22, 51, 52, 41, 27, 54, 15, 14, 48, 43, 49, 26, 30, 29, 28, 44, 46, 45, 4, 0]
19;481;[0, 27, 41, 54, 15, 9, 6, 8, 32, 31, 1, 2, 4, 5, 23, 24, 58, 56, 57, 36, 35, 37, 3, 7, 14, 13, 12, 21, 22, 51, 52, 48, 43, 38, 45, 46, 44, 29, 28, 30, 26, 49, 39, 55, 10, 50, 47, 33, 34, 40, 42, 11, 53, 25, 20, 19, 18, 16, 17, 0]
20;497;[0, 15, 43, 48, 26, 49, 39, 55, 10, 50, 47, 53, 11, 40, 42, 25, 34, 33, 38, 46, 44, 45, 30, 29, 28, 23, 24, 56, 58, 57, 4, 5, 3, 2, 1, 20, 19, 17, 16, 18, 22, 21, 7, 8, 6, 9, 32, 31, 37, 36, 35, 14, 13, 12, 41, 52, 51, 27, 54, 0]
21;497;[0, 29, 28, 30, 33, 34, 40, 42, 25, 11, 53, 47, 26, 49, 39, 55, 10, 50, 48, 43, 38, 23, 24, 45, 46, 44, 54, 27, 51, 52, 41, 7, 8, 6, 15, 14, 13, 12, 22, 21, 32, 9, 56, 58, 3, 1, 2, 4, 5, 57, 36, 35, 37, 31, 20, 19, 17, 16, 18, 0]
22;469;[0, 18, 19, 20, 17, 16, 51, 52, 27, 41, 54, 21, 22, 14, 13, 7, 8, 6, 9, 32, 31, 58, 56, 57, 37, 35, 36, 5, 2, 1, 4, 3, 44, 45, 46, 30, 29, 28, 24, 23, 43, 48, 38, 49, 26, 39, 55, 10, 50, 47, 33, 53, 11, 42, 40, 34, 25, 12, 15, 0]
23;478;[0, 41, 51, 52, 27, 54, 21, 22, 24, 23, 36, 35, 37, 7, 14, 13, 12, 9, 6, 8, 15, 56, 57, 32, 31, 58, 4, 3, 1, 2, 5, 45, 46, 44, 26, 49, 43, 48, 38, 39, 55, 10, 50, 47, 33, 53, 11, 25, 34, 42, 40, 19, 20, 17, 16, 18, 28, 29, 30, 0]
24;454;[0, 54, 1, 2, 3, 4, 5, 56, 58, 57, 32, 31, 51, 52, 41, 27, 22, 21, 14, 13, 7, 12, 15, 6, 8, 9, 37, 35, 36, 28, 30, 29, 44, 46, 45, 43, 48, 26, 49, 39, 55, 10, 50, 47, 33, 53, 25, 11, 42, 40, 34, 38, 23, 24, 20, 19, 17, 16, 18, 0]
25;471;[0, 20, 17, 16, 19, 18, 37, 36, 35, 57, 56, 58, 32, 31, 13, 12, 7, 14, 22, 21, 24, 23, 52, 27, 51, 41, 54, 15, 9, 6, 8, 38, 43, 48, 26, 49, 39, 55, 10, 50, 47, 25, 11, 53, 42, 40, 34, 33, 28, 29, 30, 44, 45, 46, 1, 2, 4, 3, 5, 0]
26;449;[0, 13, 12, 7, 8, 6, 9, 32, 58, 56, 57, 4, 2, 1, 3, 5, 23, 24, 44, 46, 45, 30, 29, 28, 43, 48, 26, 49, 39, 55, 10, 50, 47, 53, 11, 42, 40, 34, 25, 33, 38, 15, 14, 21, 22, 51, 52, 41, 27, 54, 31, 37, 35, 36, 20, 17, 16, 19, 18, 0]
27;464;[0, 29, 28, 30, 26, 49, 39, 55, 10, 50, 47, 53, 11, 25, 34, 40, 42, 33, 38, 43, 48, 7, 15, 31, 36, 35, 37, 17, 16, 18, 19, 20, 44, 46, 45, 24, 23, 5, 1, 2, 4, 3, 57, 32, 56, 58, 9, 6, 8, 14, 13, 12, 21, 22, 51, 52, 41, 27, 54, 0]
28;453;[0, 33, 34, 40, 42, 25, 11, 53, 47, 50, 10, 55, 39, 49, 26, 48, 43, 38, 23, 24, 45, 46, 44, 30, 28, 29, 20, 18, 19, 17, 16, 6, 8, 7, 14, 21, 22, 31, 57, 56, 58, 4, 3, 1, 2, 5, 37, 35, 36, 32, 13, 12, 15, 9, 27, 54, 52, 41, 51, 0]
29;428;[0, 5, 3, 1, 2, 4, 37, 35, 36, 32, 31, 7, 14, 12, 13, 21, 22, 51, 52, 41, 27, 54, 15, 9, 8, 6, 58, 56, 57, 46, 45, 23, 24, 44, 30, 29, 28, 48, 43, 38, 26, 49, 39, 55, 10, 50, 47, 53, 25, 11, 42, 40, 34, 33, 19, 20, 17, 16, 18, 0]
30;441;[0, 52, 51, 27, 41, 54, 15, 14, 21, 22, 9, 6, 8, 7, 12, 13, 4, 3, 1, 2, 31, 57, 58, 56, 36, 35, 37, 23, 24, 32, 5, 33, 34, 40, 42, 11, 25, 53, 47, 50, 10, 55, 39, 49, 26, 48, 43, 38, 45, 46, 44, 30, 29, 28, 18, 17, 16, 19, 20, 0]
31;463;[0, 18, 19, 20, 17, 16, 52, 9, 15, 32, 31, 58, 56, 57, 4, 2, 1, 3, 5, 45, 46, 44, 30, 29, 28, 26, 49, 39, 55, 10, 50, 47, 53, 25, 11, 33, 40, 42, 34, 38, 43, 48, 24, 23, 36, 35, 37, 6, 8, 7, 12, 13, 14, 21, 22, 51, 41, 27, 54, 0]
32;437;[0, 15, 34, 40, 42, 33, 11, 53, 25, 47, 50, 10, 55, 39, 49, 26, 48, 43, 38, 45, 46, 44, 30, 29, 28, 19, 20, 18, 17, 16, 24, 23, 5, 56, 58, 32, 31, 4, 2, 1, 3, 57, 36, 35, 37, 8, 6, 9, 7, 12, 13, 14, 21, 22, 51, 52, 41, 27, 54, 0]
33;435;[0, 19, 20, 18, 17, 16, 29, 28, 30, 43, 48, 26, 49, 39, 55, 10, 50, 47, 53, 11, 33, 25, 42, 40, 34, 46, 44, 45, 38, 23, 24, 3, 4, 2, 1, 5, 36, 35, 37, 15, 31, 58, 56, 57, 32, 9, 6, 8, 13, 12, 7, 14, 21, 22, 51, 52, 41, 27, 54, 0]
34;440;[0, 52, 41, 51, 27, 54, 14, 13, 12, 7, 8, 6, 9, 15, 22, 21, 37, 35, 36, 58, 56, 57, 32, 31, 1, 3, 2, 4, 5, 23, 24, 25, 11, 53, 47, 33, 40, 42, 34, 50, 10, 55, 39, 49, 26, 48, 43, 38, 45, 46, 44, 30, 29, 28, 17, 16, 18, 19, 20, 0]
35;448;[0, 12, 13, 14, 21, 22, 51, 52, 41, 27, 54, 6, 8, 7, 15, 9, 38, 43, 48, 26, 49, 39, 55, 10, 50, 47, 33, 42, 40, 34, 25, 11, 53, 23, 24, 36, 35, 37, 32, 31, 58, 56, 57, 4, 3, 1, 2, 5, 45, 46, 44, 30, 29, 28, 19, 20, 18, 17, 16, 0]
36;420;[0, 23, 24, 45, 46, 44, 38, 43, 48, 26, 49, 39, 55, 10, 50, 47, 53, 25, 11, 42, 40, 34, 33, 28, 30, 29, 3, 1, 2, 4, 57, 36, 35, 37, 9, 8, 6, 7, 12, 13, 14, 21, 22, 51, 52, 41, 27, 54, 15, 32, 31, 58, 56, 5, 16, 18, 19, 20, 17, 0]
37;435;[0, 45, 46, 44, 30, 29, 28, 38, 43, 48, 26, 49, 39, 55, 10, 50, 47, 53, 11, 42, 40, 34, 33, 25, 4, 2, 3, 1, 5, 23, 24, 21, 22, 51, 52, 41, 27, 54, 15, 13, 12, 7, 14, 6, 8, 9, 31, 32, 58, 56, 57, 36, 35, 37, 17, 16, 18, 19, 20, 0]
38;419;[0, 18, 19, 20, 17, 16, 57, 56, 58, 4, 2, 1, 3, 5, 23, 24, 45, 46, 44, 30, 29, 28, 43, 48, 26, 49, 39, 55, 10, 50, 47, 25, 11, 42, 40, 34, 33, 53, 38, 37, 35, 36, 32, 31, 7, 8, 6, 9, 15, 12, 13, 14, 21, 22, 51, 52, 41, 27, 54, 0]
39;419;[0, 16, 19, 20, 18, 17, 30, 29, 28, 44, 46, 45, 38, 43, 48, 26, 49, 39, 55, 10, 50, 47, 53, 25, 11, 42, 40, 34, 33, 37, 57, 58, 56, 1, 2, 3, 4, 5, 23, 24, 36, 35, 32, 31, 7, 15, 8, 6, 9, 12, 13, 14, 21, 22, 51, 52, 41, 27, 54, 0]
40;412;[0, 51, 52, 41, 27, 54, 15, 21, 22, 14, 13, 12, 7, 8, 6, 9, 32, 31, 5, 2, 1, 3, 4, 58, 57, 56, 36, 35, 37, 18, 19, 20, 17, 16, 29, 28, 30, 44, 45, 46, 23, 24, 38, 43, 48, 26, 49, 39, 55, 10, 50, 47, 53, 11, 42, 40, 34, 25, 33, 0]
41;411;[0, 18, 17, 16, 19, 20, 30, 29, 28, 44, 46, 45, 38, 43, 48, 26, 49, 39, 55, 10, 50, 47, 53, 11, 25, 42, 40, 34, 33, 37, 35, 36, 58, 56, 57, 32, 31, 4, 2, 1, 3, 5, 23, 24, 9, 8, 6, 7, 15, 12, 13, 14, 21, 22, 51, 52, 41, 27, 54, 0]
42;423;[0, 15, 12, 13, 14, 21, 22, 51, 52, 41, 27, 54, 9, 6, 8, 7, 37, 35, 36, 58, 56, 57, 32, 31, 4, 3, 1, 2, 5, 23, 24, 38, 43, 48, 26, 49, 39, 55, 10, 50, 47, 53, 11, 33, 25, 42, 40, 34, 29, 28, 30, 46, 44, 45, 20, 18, 19, 17, 16, 0]
43;401;[0, 18, 17, 16, 19, 20, 30, 29, 28, 44, 46, 45, 38, 43, 48, 26, 49, 39, 55, 10, 50, 47, 53, 11, 42, 40, 34, 33, 25, 23, 24, 5, 3, 1, 36, 35, 37, 2, 4, 58, 56, 57, 31, 32, 9, 8, 6, 7, 15, 12, 13, 14, 21, 22, 51, 52, 41, 27, 54, 0]
44;412;[0, 18, 19, 20, 17, 16, 46, 44, 45, 38, 43, 48, 26, 49, 39, 55, 10, 50, 47, 25, 53, 11, 42, 40, 34, 33, 28, 29, 30, 23, 24, 5, 3, 1, 2, 4, 58, 56, 57, 32, 31, 15, 36, 35, 37, 7, 8, 6, 9, 13, 12, 14, 21, 22, 51, 52, 41, 27, 54, 0]
45;413;[0, 51, 52, 41, 27, 54, 15, 12, 13, 14, 21, 22, 7, 8, 6, 9, 31, 32, 57, 56, 58, 4, 2, 1, 3, 5, 23, 24, 36, 35, 37, 25, 53, 11, 42, 40, 34, 33, 47, 50, 10, 55, 39, 49, 26, 48, 43, 38, 45, 46, 44, 29, 28, 30, 17, 16, 18, 19, 20, 0]
46;412;[0, 18, 17, 16, 19, 20, 43, 48, 38, 26, 49, 39, 55, 10, 50, 47, 53, 11, 42, 40, 34, 25, 33, 28, 30, 29, 44, 46, 45, 23, 24, 5, 36, 35, 37, 2, 1, 3, 4, 57, 56, 58, 32, 31, 7, 8, 6, 9, 13, 12, 22, 21, 14, 15, 51, 52, 41, 27, 54, 0]
47;399;[0, 18, 17, 16, 19, 20, 30, 29, 28, 44, 46, 45, 38, 43, 48, 26, 49, 39, 55, 10, 50, 47, 53, 11, 25, 42, 40, 34, 33, 24, 23, 5, 3, 1, 2, 4, 58, 56, 57, 32, 31, 37, 35, 36, 15, 9, 6, 8, 7, 12, 13, 14, 21, 22, 51, 52, 41, 27, 54, 0]
48;424;[0, 6, 8, 7, 12, 13, 14, 21, 22, 51, 52, 41, 27, 54, 15, 9, 32, 31, 58, 56, 57, 36, 35, 37, 2, 1, 3, 4, 5, 23, 24, 45, 46, 44, 30, 29, 28, 43, 48, 26, 49, 39, 55, 10, 50, 47, 53, 11, 40, 42, 34, 25, 33, 38, 20, 17, 16, 19, 18, 0]
49;411;[0, 12, 13, 14, 21, 22, 51, 52, 41, 27, 54, 15, 9, 6, 8, 7, 37, 35, 36, 32, 31, 57, 56, 58, 4, 2, 1, 3, 5, 24, 23, 38, 43, 48, 26, 49, 39, 55, 10, 50, 47, 53, 25, 11, 42, 40, 34, 33, 20, 18, 17, 16, 19, 28, 29, 30, 44, 46, 45, 0]
50;430;[0, 51, 52, 41, 27, 54, 15, 13, 12, 7, 8, 6, 9, 57, 56, 58, 14, 21, 22, 37, 35, 36, 32, 31, 4, 2, 1, 3, 5, 23, 24, 45, 46, 44, 30, 29, 28, 43, 48, 26, 49, 39, 55, 10, 50, 47, 53, 11, 25, 42, 40, 34, 33, 38, 17, 16, 18, 19, 20, 0]
51;414;[0, 17, 16, 18, 19, 20, 29, 28, 30, 44, 46, 45, 38, 43, 48, 26, 49, 39, 55, 10, 50, 47, 53, 11, 42, 40, 34, 33, 25, 23, 24, 5, 2, 1, 3, 4, 58, 56, 57, 32, 31, 37, 35, 36, 9, 6, 8, 7, 12, 13, 14, 21, 22, 51, 52, 41, 27, 54, 15, 0]
52;424;[0, 18, 19, 20, 17, 16, 30, 29, 28, 44, 45, 46, 23, 24, 38, 43, 48, 26, 49, 39, 55, 10, 50, 47, 53, 11, 42, 40, 34, 25, 33, 15, 13, 12, 7, 8, 6, 9, 32, 31, 58, 56, 57, 4, 2, 1, 3, 5, 37, 35, 36, 14, 21, 22, 51, 52, 41, 27, 54, 0]
53;412;[0, 9, 6, 8, 7, 12, 13, 14, 21, 22, 51, 52, 41, 27, 54, 15, 32, 31, 37, 35, 36, 58, 56, 57, 4, 2, 1, 3, 5, 23, 24, 38, 43, 48, 26, 49, 39, 55, 10, 50, 47, 53, 11, 42, 40, 34, 25, 33, 29, 28, 30, 44, 45, 46, 18, 17, 16, 19, 20, 0]
54;399;[0, 51, 52, 41, 27, 54, 21, 22, 14, 13, 12, 7, 15, 9, 6, 8, 32, 31, 4, 36, 35, 37, 57, 58, 56, 2, 1, 3, 5, 46, 44, 45, 23, 24, 38, 43, 48, 26, 49, 39, 55, 10, 50, 47, 53, 11, 42, 40, 34, 25, 33, 28, 30, 29, 18, 17, 16, 19, 20, 0]
55;422;[0, 52, 51, 41, 27, 54, 21, 22, 14, 13, 12, 7, 8, 6, 9, 32, 31, 57, 58, 56, 36, 35, 37, 2, 1, 3, 4, 5, 23, 24, 15, 53, 11, 42, 40, 34, 25, 33, 47, 50, 10, 55, 39, 49, 26, 48, 43, 38, 45, 46, 44, 30, 29, 28, 17, 16, 20, 19, 18, 0]
56;418;[0, 36, 35, 37, 8, 6, 9, 13, 12, 7, 14, 21, 22, 51, 52, 41, 27, 54, 15, 32, 31, 56, 58, 4, 2, 3, 1, 5, 57, 23, 24, 44, 46, 45, 38, 43, 48, 26, 49, 39, 55, 10, 50, 47, 53, 11, 42, 40, 34, 25, 33, 28, 29, 30, 17, 16, 19, 20, 18, 0]
57;414;[0, 51, 52, 41, 27, 54, 15, 9, 6, 8, 7, 12, 13, 14, 21, 22, 37, 36, 35, 32, 31, 57, 58, 56, 1, 3, 2, 4, 5, 23, 24, 45, 46, 44, 30, 29, 28, 43, 48, 26, 49, 39, 55, 10, 50, 47, 53, 11, 42, 40, 34, 25, 33, 38, 17, 16, 18, 19, 20, 0]
58;399;[0, 18, 17, 16, 19, 20, 30, 29, 28, 44, 46, 45, 38, 43, 48, 26, 49, 39, 55, 10, 50, 47, 53, 11, 42, 40, 34, 25, 33, 24, 23, 37, 35, 36, 5, 3, 1, 2, 4, 58, 56, 57, 32, 31, 15, 9, 6, 8, 7, 12, 13, 14, 21, 22, 51, 52, 41, 27, 54, 0]
59;411;[0, 36, 35, 37, 15, 52, 51, 41, 27, 54, 21, 22, 14, 13, 12, 7, 8, 6, 9, 32, 31, 57, 56, 58, 4, 3, 1, 2, 5, 23, 24, 38, 43, 48, 26, 49, 39, 55, 10, 50, 47, 53, 11, 42, 40, 34, 25, 33, 28, 29, 30, 44, 46, 45, 20, 18, 19, 17, 16, 0]
60;399;[0, 18, 17, 16, 19, 20, 30, 29, 28, 44, 46, 45, 38, 43, 48, 26, 49, 39, 55, 10, 50, 47, 53, 11, 42, 40, 34, 25, 33, 24, 23, 5, 36, 35, 37, 3, 2, 1, 4, 58, 56, 57, 32, 31, 7, 8, 6, 9, 13, 12, 15, 14, 21, 22, 51, 52, 41, 27, 54, 0]
61;412;[0, 18, 19, 20, 17, 16, 29, 28, 30, 44, 45, 46, 23, 24, 38, 43, 48, 26, 49, 39, 55, 10, 50, 47, 53, 11, 42, 40, 34, 25, 33, 37, 35, 36, 32, 31, 57, 56, 58, 4, 2, 1, 3, 5, 15, 9, 6, 8, 7, 14, 13, 12, 21, 22, 51, 52, 41, 27, 54, 0]
62;400;[0, 51, 52, 41, 27, 54, 15, 8, 6, 9, 7, 12, 13, 14, 21, 22, 37, 35, 36, 32, 31, 57, 56, 58, 4, 2, 1, 3, 5, 23, 24, 44, 46, 45, 38, 43, 48, 26, 49, 39, 55, 10, 50, 47, 53, 11, 42, 40, 34, 25, 33, 28, 30, 29, 20, 19, 17, 16, 18, 0]
63;404;[0, 51, 52, 41, 27, 54, 22, 21, 14, 15, 9, 6, 8, 7, 12, 13, 36, 35, 37, 32, 31, 58, 56, 57, 4, 2, 1, 3, 5, 23, 24, 45, 46, 44, 30, 29, 28, 43, 48, 26, 49, 39, 55, 10, 50, 47, 53, 11, 42, 40, 34, 25, 33, 38, 17, 16, 18, 19, 20, 0]
64;404;[0, 51, 52, 41, 27, 54, 21, 22, 14, 13, 12, 7, 15, 9, 6, 8, 32, 31, 4, 2, 1, 3, 5, 58, 56, 57, 36, 35, 37, 24, 23, 45, 46, 44, 30, 29, 28, 48, 26, 49, 39, 55, 10, 50, 47, 53, 11, 42, 40, 34, 25, 33, 38, 43, 20, 19, 18, 17, 16, 0]
65;396;[0, 18, 17, 16, 19, 20, 30, 29, 28, 44, 46, 45, 23, 24, 38, 43, 48, 26, 49, 39, 55, 10, 50, 47, 53, 11, 42, 40, 34, 25, 33, 4, 2, 1, 3, 5, 36, 35, 37, 57, 56, 58, 32, 31, 7, 8, 6, 9, 13, 12, 15, 14, 21, 22, 51, 52, 41, 27, 54, 0]
66;405;[0, 18, 17, 16, 19, 20, 35, 37, 36, 4, 2, 1, 3, 38, 43, 48, 26, 49, 39, 55, 10, 50, 47, 53, 11, 42, 40, 34, 25, 33, 28, 29, 30, 44, 46, 45, 23, 24, 5, 56, 58, 57, 32, 31, 7, 8, 6, 9, 13, 12, 15, 14, 21, 22, 51, 52, 41, 27, 54, 0]
67;405;[0, 52, 41, 27, 54, 15, 14, 21, 22, 51, 12, 13, 7, 8, 6, 9, 32, 31, 36, 35, 37, 57, 56, 58, 4, 2, 1, 3, 5, 23, 24, 44, 46, 45, 38, 43, 48, 26, 49, 39, 55, 10, 50, 47, 53, 11, 42, 40, 34, 25, 33, 28, 29, 30, 17, 16, 19, 20, 18, 0]
68;396;[0, 18, 19, 20, 17, 16, 29, 28, 30, 44, 46, 45, 38, 43, 48, 26, 49, 39, 55, 10, 50, 47, 53, 11, 42, 40, 34, 25, 33, 24, 23, 5, 2, 1, 3, 4, 56, 58, 32, 57, 36, 35, 37, 31, 15, 9, 6, 8, 7, 12, 13, 14, 21, 22, 51, 52, 41, 27, 54, 0]
69;394;[0, 18, 19, 20, 17, 16, 36, 35, 37, 38, 43, 48, 26, 49, 39, 55, 10, 50, 47, 53, 11, 42, 40, 34, 25, 33, 28, 29, 30, 44, 46, 45, 23, 24, 5, 2, 1, 3, 4, 58, 56, 57, 32, 31, 7, 8, 6, 9, 13, 12, 15, 14, 21, 22, 51, 52, 41, 27, 54, 0]
70;397;[0, 51, 52, 41, 27, 54, 22, 21, 14, 13, 12, 7, 8, 6, 9, 15, 36, 35, 37, 57, 56, 58, 32, 31, 4, 2, 1, 3, 5, 23, 24, 38, 43, 48, 26, 49, 39, 55, 10, 50, 47, 53, 11, 42, 40, 34, 25, 33, 28, 29, 30, 44, 45, 46, 18, 17, 16, 19, 20, 0]
71;402;[0, 18, 19, 20, 17, 16, 29, 28, 30, 44, 46, 45, 38, 43, 48, 26, 49, 39, 55, 10, 50, 47, 53, 11, 42, 40, 34, 25, 33, 24, 23, 5, 2, 1, 3, 4, 58, 57, 56, 36, 35, 37, 32, 31, 7, 8, 6, 9, 13, 12, 14, 21, 22, 15, 51, 52, 41, 27, 54, 0]
72;396;[0, 18, 19, 20, 17, 16, 36, 35, 37, 38, 43, 48, 26, 49, 39, 55, 10, 50, 47, 53, 11, 42, 40, 34, 25, 33, 28, 29, 30, 44, 46, 45, 23, 24, 5, 2, 1, 3, 4, 58, 56, 57, 32, 31, 7, 8, 6, 9, 13, 12, 14, 15, 21, 22, 51, 52, 41, 27, 54, 0]
73;385;[0, 51, 52, 41, 27, 54, 22, 21, 14, 15, 13, 12, 7, 8, 6, 9, 32, 31, 58, 56, 57, 36, 35, 37, 2, 1, 3, 4, 5, 33, 11, 42, 40, 34, 25, 53, 47, 50, 10, 55, 39, 49, 26, 48, 43, 38, 24, 23, 45, 46, 44, 30, 29, 28, 17, 16, 18, 19, 20, 0]
74;385;[0, 18, 19, 20, 17, 16, 38, 43, 48, 26, 49, 39, 55, 10, 50, 47, 53, 11, 42, 40, 34, 25, 33, 28, 29, 30, 44, 46, 45, 23, 24, 5, 2, 1, 3, 4, 56, 58, 32, 31, 57, 36, 35, 37, 8, 6, 9, 7, 12, 15, 14, 13, 21, 22, 51, 52, 41, 27, 54, 0]
75;393;[0, 51, 52, 41, 27, 54, 22, 21, 14, 13, 12, 7, 8, 6, 9, 15, 36, 35, 37, 31, 32, 57, 56, 58, 4, 2, 1, 3, 5, 23, 24, 44, 46, 45, 38, 43, 48, 26, 49, 39, 55, 10, 50, 47, 53, 11, 42, 40, 34, 25, 33, 28, 29, 30, 17, 16, 18, 19, 20, 0]
76;405;[0, 51, 52, 41, 27, 54, 15, 22, 21, 14, 13, 12, 7, 8, 6, 9, 32, 31, 57, 56, 58, 4, 2, 1, 3, 5, 36, 35, 37, 24, 23, 45, 46, 44, 30, 29, 28, 43, 48, 26, 49, 39, 55, 10, 50, 47, 53, 11, 42, 40, 34, 25, 33, 38, 17, 16, 18, 19, 20, 0]
77;396;[0, 51, 52, 41, 27, 54, 22, 21, 14, 15, 13, 12, 7, 8, 6, 9, 32, 31, 58, 56, 57, 4, 2, 1, 3, 5, 36, 35, 37, 24, 23, 45, 46, 44, 30, 29, 28, 43, 48, 26, 49, 39, 55, 10, 50, 47, 53, 11, 42, 40, 34, 25, 33, 38, 20, 19, 17, 16, 18, 0]
78;399;[0, 18, 19, 20, 17, 16, 29, 28, 30, 44, 46, 45, 38, 43, 48, 26, 49, 39, 55, 10, 50, 47, 53, 11, 42, 40, 34, 25, 33, 4, 2, 1, 3, 5, 23, 24, 36, 35, 37, 57, 56, 58, 32, 31, 9, 6, 8, 7, 14, 13, 12, 15, 21, 22, 51, 52, 41, 27, 54, 0]
79;395;[0, 51, 52, 41, 27, 54, 15, 22, 21, 14, 13, 12, 7, 8, 6, 9, 32, 31, 58, 56, 57, 36, 35, 37, 2, 1, 3, 4, 5, 23, 24, 38, 43, 48, 26, 49, 39, 55, 10, 50, 47, 53, 11, 42, 40, 34, 25, 33, 28, 29, 30, 44, 46, 45, 20, 17, 16, 19, 18, 0]
80;387;[0, 18, 19, 20, 17, 16, 38, 43, 48, 26, 49, 39, 55, 10, 50, 47, 53, 11, 42, 40, 34, 25, 33, 28, 29, 30, 44, 46, 45, 23, 24, 5, 1, 2, 4, 3, 36, 35, 37, 57, 58, 56, 32, 31, 9, 6, 8, 7, 14, 13, 12, 15, 22, 21, 51, 52, 41, 27, 54, 0]
81;402;[0, 51, 52, 41, 27, 54, 15, 22, 21, 14, 13, 12, 7, 8, 6, 9, 32, 31, 4, 2, 1, 3, 5, 36, 35, 37, 57, 56, 58, 23, 24, 38, 43, 48, 26, 49, 39, 55, 10, 50, 47, 53, 11, 42, 40, 34, 25, 33, 28, 29, 30, 44, 46, 45, 20, 17, 16, 19, 18, 0]
82;397;[0, 18, 19, 20, 17, 16, 36, 35, 37, 38, 43, 48, 26, 49, 39, 55, 10, 50, 47, 53, 11, 42, 40, 34, 25, 33, 28, 30, 29, 44, 46, 45, 23, 24, 5, 1, 3, 2, 4, 58, 56, 57, 32, 31, 7, 8, 6, 9, 13, 12, 15, 14, 21, 22, 51, 52, 41, 27, 54, 0]
83;387;[0, 18, 17, 16, 19, 20, 30, 29, 28, 43, 48, 26, 49, 39, 55, 10, 50, 47, 53, 11, 42, 40, 34, 25, 33, 38, 45, 46, 44, 23, 24, 5, 1, 3, 2, 4, 56, 58, 57, 36, 35, 37, 32, 31, 9, 6, 8, 7, 14, 13, 12, 15, 22, 21, 51, 52, 41, 27, 54, 0]
84;385;[0, 18, 17, 16, 19, 20, 38, 43, 48, 26, 49, 39, 55, 10, 50, 47, 53, 11, 42, 40, 34, 25, 33, 28, 29, 30, 44, 46, 45, 23, 24, 5, 2, 1, 3, 4, 58, 56, 57, 32, 31, 36, 35, 37, 8, 6, 9, 7, 14, 13, 12, 15, 21, 22, 51, 52, 41, 27, 54, 0]
85;388;[0, 18, 19, 20, 17, 16, 38, 43, 48, 26, 49, 39, 55, 10, 50, 47, 53, 11, 42, 40, 34, 25, 33, 28, 29, 30, 44, 46, 45, 23, 24, 5, 2, 1, 3, 4, 58, 56, 57, 32, 31, 36, 35, 37, 13, 12, 15, 9, 6, 8, 7, 14, 21, 22, 51, 52, 41, 27, 54, 0]
86;388;[0, 18, 19, 20, 17, 16, 38, 43, 48, 26, 49, 39, 55, 10, 50, 47, 53, 11, 42, 40, 34, 25, 33, 28, 29, 30, 44, 46, 45, 23, 24, 5, 2, 1, 3, 4, 58, 56, 57, 36, 35, 37, 32, 31, 15, 14, 13, 12, 7, 8, 6, 9, 21, 22, 51, 52, 41, 27, 54, 0]
87;387;[0, 51, 52, 41, 27, 54, 22, 21, 15, 14, 13, 12, 7, 8, 6, 9, 32, 31, 37, 35, 36, 57, 56, 58, 4, 2, 1, 3, 5, 23, 24, 45, 46, 44, 30, 29, 28, 43, 48, 26, 49, 39, 55, 10, 50, 47, 53, 11, 42, 40, 34, 25, 33, 38, 17, 16, 19, 20, 18, 0]
88;384;[0, 18, 19, 20, 17, 16, 38, 43, 48, 26, 49, 39, 55, 10, 50, 47, 53, 11, 42, 40, 34, 25, 33, 28, 29, 30, 44, 46, 45, 23, 24, 5, 2, 1, 3, 4, 58, 56, 57, 32, 31, 37, 35, 36, 9, 6, 8, 7, 14, 13, 12, 15, 21, 22, 51, 52, 41, 27, 54, 0]
89;390;[0, 18, 19, 20, 17, 16, 30, 29, 28, 48, 26, 49, 39, 55, 10, 50, 47, 53, 11, 42, 40, 34, 25, 33, 38, 43, 44, 46, 45, 23, 24, 5, 2, 1, 3, 4, 36, 35, 37, 58, 56, 57, 32, 31, 9, 6, 8, 7, 14, 13, 12, 15, 21, 22, 51, 52, 41, 27, 54, 0]
90;380;[0, 18, 19, 20, 17, 16, 38, 43, 48, 26, 49, 39, 55, 10, 50, 47, 53, 11, 42, 40, 34, 25, 33, 28, 29, 30, 44, 46, 45, 23, 24, 5, 2, 1, 3, 4, 58, 56, 57, 36, 35, 37, 32, 31, 9, 6, 8, 7, 14, 13, 12, 15, 21, 22, 51, 52, 41, 27, 54, 0]
91;385;[0, 18, 17, 16, 19, 20, 30, 29, 28, 43, 48, 26, 49, 39, 55, 10, 50, 47, 53, 11, 42, 40, 34, 25, 33, 38, 45, 46, 44, 23, 24, 5, 2, 1, 3, 4, 58, 56, 57, 32, 31, 36, 35, 37, 9, 6, 8, 7, 14, 13, 12, 15, 21, 22, 51, 52, 41, 27, 54, 0]
92;384;[0, 18, 19, 20, 17, 16, 38, 43, 48, 26, 49, 39, 55, 10, 50, 47, 53, 11, 42, 40, 34, 25, 33, 28, 29, 30, 44, 46, 45, 23, 24, 5, 2, 1, 3, 4, 58, 56, 57, 32, 31, 37, 36, 35, 9, 6, 8, 7, 14, 13, 12, 15, 21, 22, 51, 52, 41, 27, 54, 0]
93;392;[0, 18, 19, 20, 17, 16, 45, 46, 44, 30, 29, 28, 43, 48, 26, 49, 39, 55, 10, 50, 47, 53, 11, 42, 40, 34, 25, 33, 38, 23, 24, 3, 5, 2, 1, 4, 58, 56, 57, 32, 31, 36, 35, 37, 8, 6, 9, 7, 14, 13, 12, 15, 21, 22, 51, 52, 41, 27, 54, 0]
94;389;[0, 18, 17, 16, 19, 20, 30, 29, 28, 43, 48, 26, 49, 39, 55, 10, 50, 47, 53, 11, 42, 40, 34, 25, 33, 38, 45, 46, 44, 23, 24, 5, 1, 3, 4, 2, 56, 58, 32, 31, 57, 36, 35, 37, 8, 6, 9, 7, 14, 13, 12, 15, 21, 22, 51, 52, 41, 27, 54, 0]
95;383;[0, 51, 52, 41, 27, 54, 21, 22, 15, 14, 13, 12, 7, 8, 6, 9, 32, 31, 36, 35, 37, 57, 56, 58, 4, 3, 1, 2, 5, 23, 24, 38, 43, 48, 26, 49, 39, 55, 10, 50, 47, 53, 11, 42, 40, 34, 25, 33, 28, 29, 30, 44, 46, 45, 17, 16, 19, 20, 18, 0]
96;388;[0, 18, 19, 20, 17, 16, 38, 43, 48, 26, 49, 39, 55, 10, 50, 47, 53, 11, 42, 40, 34, 25, 33, 28, 29, 30, 45, 46, 44, 23, 24, 5, 2, 1, 3, 4, 58, 56, 57, 32, 31, 36, 35, 37, 8, 6, 9, 7, 14, 13, 12, 15, 21, 22, 51, 52, 41, 27, 54, 0]
97;388;[0, 18, 19, 20, 17, 16, 38, 43, 48, 26, 49, 39, 55, 10, 50, 47, 53, 11, 42, 40, 34, 25, 33, 28, 29, 30, 44, 46, 45, 23, 24, 3, 4, 2, 1, 5, 58, 56, 57, 32, 31, 37, 35, 36, 9, 6, 8, 7, 14, 13, 12, 15, 21, 22, 51, 52, 41, 27, 54, 0]
98;388;[0, 18, 17, 16, 19, 20, 38, 43, 48, 26, 49, 39, 55, 10, 50, 47, 53, 11, 42, 40, 34, 25, 33, 28, 29, 30, 44, 46, 45, 23, 24, 5, 2, 1, 3, 4, 56, 57, 36, 35, 37, 32, 31, 58, 9, 6, 8, 7, 14, 13, 12, 15, 21, 22, 51, 52, 41, 27, 54, 0]
99;385;[0, 18, 19, 20, 17, 16, 38, 43, 48, 26, 49, 39, 55, 10, 50, 47, 53, 11, 42, 40, 34, 25, 33, 28, 29, 30, 44, 46, 45, 23, 24, 5, 1, 3, 4, 2, 56, 58, 57, 32, 31, 37, 35, 36, 9, 6, 8, 7, 12, 13, 14, 15, 21, 22, 51, 52, 41, 27, 54, 0]
100;384;[0, 18, 19, 20, 17, 16, 38, 43, 48, 26, 49, 39, 55, 10, 50, 47, 53, 11, 42, 40, 34, 25, 33, 28, 29, 30, 44, 46, 45, 23, 24, 5, 2, 1, 3, 4, 58, 56, 57, 32, 31, 37, 35, 36, 9, 6, 8, 7, 14, 13, 12, 15, 21, 22, 51, 52, 41, 27, 54, 0]
101;381;[0, 18, 19, 20, 17, 16, 38, 43, 48, 26, 49, 39, 55, 10, 50, 47, 53, 11, 42, 40, 34, 25, 33, 28, 29, 30, 44, 46, 45, 23, 24, 5, 2, 1, 3, 4, 58, 56, 57, 32, 31, 36, 35, 37, 9, 6, 8, 7, 14, 13, 12, 15, 21, 22, 51, 52, 41, 27, 54, 0]
102;382;[0, 18, 17, 16, 19, 20, 30, 29, 28, 43, 48, 26, 49, 39, 55, 10, 50, 47, 53, 11, 42, 40, 34, 25, 33, 38, 45, 46, 44, 23, 24, 5, 2, 1, 3, 4, 58, 56, 57, 36, 35, 37, 31, 32, 9, 6, 8, 7, 14, 13, 12, 15, 21, 22, 51, 52, 41, 27, 54, 0]
103;381;[0, 18, 19, 20, 17, 16, 38, 43, 48, 26, 49, 39, 55, 10, 50, 47, 53, 11, 42, 40, 34, 25, 33, 28, 29, 30, 44, 46, 45, 23, 24, 5, 2, 1, 3, 4, 58, 56, 57, 32, 31, 36, 35, 37, 9, 6, 8, 7, 14, 13, 12, 15, 21, 22, 51, 52, 41, 27, 54, 0]
104;385;[0, 51, 52, 41, 27, 54, 22, 21, 15, 14, 13, 12, 7, 8, 6, 9, 32, 31, 36, 35, 37, 58, 57, 56, 2, 1, 3, 4, 5, 23, 24, 38, 43, 48, 26, 49, 39, 55, 10, 50, 47, 53, 11, 42, 40, 34, 25, 33, 28, 29, 30, 44, 46, 45, 18, 17, 16, 19, 20, 0]
105;381;[0, 18, 19, 20, 17, 16, 38, 43, 48, 26, 49, 39, 55, 10, 50, 47, 53, 11, 42, 40, 34, 25, 33, 28, 29, 30, 44, 46, 45, 23, 24, 5, 2, 1, 3, 4, 56, 58, 57, 32, 31, 36, 35, 37, 9, 6, 8, 7, 14, 13, 12, 15, 21, 22, 51, 52, 41, 27, 54, 0]
106;381;[0, 18, 19, 20, 17, 16, 38, 43, 48, 26, 49, 39, 55, 10, 50, 47, 53, 11, 42, 40, 34, 25, 33, 28, 29, 30, 44, 46, 45, 23, 24, 5, 2, 1, 3, 4, 58, 56, 57, 32, 31, 36, 35, 37, 9, 6, 8, 7, 14, 13, 12, 15, 21, 22, 51, 52, 41, 27, 54, 0]
107;381;[0, 18, 19, 20, 17, 16, 38, 43, 48, 26, 49, 39, 55, 10, 50, 47, 53, 11, 42, 40, 34, 25, 33, 28, 29, 30, 44, 46, 45, 23, 24, 5, 2, 1, 3, 4, 58, 56, 57, 32, 31, 36, 35, 37, 9, 6, 8, 7, 14, 13, 12, 15, 21, 22, 51, 52, 41, 27, 54, 0]
108;381;[0, 18, 19, 20, 17, 16, 38, 43, 48, 26, 49, 39, 55, 10, 50, 47, 53, 11, 42, 40, 34, 25, 33, 28, 29, 30, 44, 46, 45, 23, 24, 5, 2, 1, 3, 4, 58, 56, 57, 32, 31, 36, 35, 37, 9, 6, 8, 7, 14, 13, 12, 15, 21, 22, 51, 52, 41, 27, 54, 0]
109;381;[0, 18, 19, 20, 17, 16, 38, 43, 48, 26, 49, 39, 55, 10, 50, 47, 53, 11, 42, 40, 34, 25, 33, 28, 29, 30, 44, 46, 45, 23, 24, 5, 2, 1, 3, 4, 58, 56, 57, 32, 31, 36, 35, 37, 9, 6, 8, 7, 14, 13, 12, 15, 21, 22, 51, 52, 41, 27, 54, 0]
110;380;[0, 18, 19, 20, 17, 16, 38, 43, 48, 26, 49, 39, 55, 10, 50, 47, 53, 11, 42, 40, 34, 25, 33, 28, 29, 30, 44, 46, 45, 23, 24, 5, 2, 1, 3, 4, 58, 56, 57, 32, 31, 36, 35, 37, 9, 6, 8, 7, 12, 13, 14, 15, 21, 22, 51, 52, 41, 27, 54, 0]
111;381;[0, 18, 19, 20, 17, 16, 38, 43, 48, 26, 49, 39, 55, 10, 50, 47, 53, 11, 42, 40, 34, 25, 33, 28, 29, 30, 44, 46, 45, 23, 24, 5, 2, 1, 3, 4, 58, 56, 57, 32, 31, 36, 35, 37, 9, 6, 8, 7, 14, 13, 12, 15, 21, 22, 51, 52, 41, 27, 54, 0]
112;381;[0, 18, 19, 20, 17, 16, 38, 43, 48, 26, 49, 39, 55, 10, 50, 47, 53, 11, 42, 40, 34, 25, 33, 28, 29, 30, 44, 46, 45, 23, 24, 5, 2, 1, 3, 4, 58, 56, 57, 32, 31, 36, 35, 37, 9, 6, 8, 7, 14, 13, 12, 15, 21, 22, 51, 52, 41, 27, 54, 0]
113;381;[0, 18, 19, 20, 17, 16, 38, 43, 48, 26, 49, 39, 55, 10, 50, 47, 53, 11, 42, 40, 34, 25, 33, 28, 29, 30, 44, 46, 45, 23, 24, 5, 2, 1, 3, 4, 58, 56, 57, 32, 31, 36, 35, 37, 9, 6, 8, 7, 15, 12, 13, 14, 21, 22, 51, 52, 41, 27, 54, 0]
114;379;[0, 51, 52, 41, 27, 54, 21, 22, 15, 14, 13, 12, 7, 8, 6, 9, 32, 31, 36, 35, 37, 57, 56, 58, 4, 2, 1, 3, 5, 23, 24, 45, 46, 44, 30, 29, 28, 38, 43, 48, 26, 49, 39, 55, 10, 50, 47, 53, 11, 42, 40, 34, 25, 33, 20, 17, 16, 19, 18, 0]
115;381;[0, 18, 19, 20, 17, 16, 38, 43, 48, 26, 49, 39, 55, 10, 50, 47, 53, 11, 42, 40, 34, 25, 33, 28, 29, 30, 44, 46, 45, 23, 24, 5, 2, 1, 3, 4, 58, 56, 57, 32, 31, 36, 35, 37, 9, 6, 8, 7, 14, 13, 12, 15, 21, 22, 51, 52, 41, 27, 54, 0]
116;379;[0, 51, 52, 41, 27, 54, 21, 22, 15, 14, 13, 12, 7, 8, 6, 9, 32, 31, 36, 35, 37, 57, 56, 58, 4, 2, 1, 3, 5, 23, 24, 45, 46, 44, 30, 29, 28, 38, 43, 48, 26, 49, 39, 55, 10, 50, 47, 53, 11, 42, 40, 34, 25, 33, 20, 17, 16, 19, 18, 0]
117;378;[0, 18, 19, 20, 17, 16, 38, 43, 48, 26, 49, 39, 55, 10, 50, 47, 53, 11, 42, 40, 34, 25, 33, 28, 29, 30, 44, 46, 45, 23, 24, 5, 2, 1, 3, 4, 58, 56, 57, 36, 35, 37, 31, 32, 9, 6, 8, 7, 14, 13, 12, 15, 21, 22, 51, 52, 41, 27, 54, 0]
118;380;[0, 18, 19, 20, 17, 16, 38, 43, 48, 26, 49, 39, 55, 10, 50, 47, 53, 11, 42, 40, 34, 25, 33, 28, 29, 30, 44, 46, 45, 23, 24, 5, 2, 1, 3, 4, 58, 56, 57, 32, 31, 36, 35, 37, 9, 6, 8, 7, 12, 13, 14, 15, 21, 22, 51, 52, 41, 27, 54, 0]
119;380;[0, 18, 19, 20, 17, 16, 38, 43, 48, 26, 49, 39, 55, 10, 50, 47, 53, 11, 42, 40, 34, 25, 33, 28, 29, 30, 44, 46, 45, 23, 24, 5, 2, 1, 3, 4, 58, 56, 57, 32, 31, 36, 35, 37, 9, 6, 8, 7, 12, 13, 14, 15, 21, 22, 51, 52, 41, 27, 54, 0]
120;380;[0, 18, 19, 20, 17, 16, 38, 43, 48, 26, 49, 39, 55, 10, 50, 47, 53, 11, 42, 40, 34, 25, 33, 28, 29, 30, 44, 46, 45, 23, 24, 5, 2, 1, 3, 4, 58, 56, 57, 32, 31, 36, 35, 37, 9, 6, 8, 7, 12, 13, 14, 15, 21, 22, 51, 52, 41, 27, 54, 0]
121;377;[0, 18, 19, 20, 17, 16, 38, 43, 48, 26, 49, 39, 55, 10, 50, 47, 53, 11, 42, 40, 34, 25, 33, 28, 29, 30, 44, 46, 45, 23, 24, 5, 2, 1, 3, 4, 58, 56, 57, 36, 35, 37, 31, 32, 9, 6, 8, 7, 12, 13, 14, 15, 21, 22, 51, 52, 41, 27, 54, 0]
122;380;[0, 18, 19, 20, 17, 16, 38, 43, 48, 26, 49, 39, 55, 10, 50, 47, 53, 11, 42, 40, 34, 25, 33, 28, 29, 30, 44, 46, 45, 23, 24, 5, 2, 1, 3, 4, 58, 56, 57, 32, 31, 36, 35, 37, 9, 6, 8, 7, 12, 13, 14, 15, 21, 22, 51, 52, 41, 27, 54, 0]
123;380;[0, 18, 19, 20, 17, 16, 38, 43, 48, 26, 49, 39, 55, 10, 50, 47, 53, 11, 42, 40, 34, 25, 33, 28, 29, 30, 44, 46, 45, 23, 24, 5, 2, 1, 3, 4, 58, 56, 57, 32, 31, 36, 35, 37, 9, 6, 8, 7, 12, 13, 14, 15, 21, 22, 51, 52, 41, 27, 54, 0]
124;380;[0, 18, 19, 20, 17, 16, 38, 43, 48, 26, 49, 39, 55, 10, 50, 47, 53, 11, 42, 40, 34, 25, 33, 28, 29, 30, 44, 46, 45, 23, 24, 5, 2, 1, 3, 4, 56, 58, 57, 32, 31, 36, 35, 37, 9, 6, 8, 7, 12, 13, 14, 15, 21, 22, 51, 52, 41, 27, 54, 0]
125;380;[0, 18, 19, 20, 17, 16, 38, 43, 48, 26, 49, 39, 55, 10, 50, 47, 53, 11, 42, 40, 34, 25, 33, 28, 29, 30, 44, 46, 45, 23, 24, 5, 2, 1, 3, 4, 58, 56, 57, 32, 31, 36, 35, 37, 9, 6, 8, 7, 12, 13, 14, 15, 21, 22, 51, 52, 41, 27, 54, 0]
126;380;[0, 18, 19, 20, 17, 16, 38, 43, 48, 26, 49, 39, 55, 10, 50, 47, 53, 11, 42, 40, 34, 25, 33, 28, 29, 30, 44, 46, 45, 23, 24, 5, 2, 1, 3, 4, 58, 56, 57, 32, 31, 36, 35, 37, 9, 6, 8, 7, 12, 13, 14, 15, 21, 22, 51, 52, 41, 27, 54, 0]
127;380;[0, 18, 19, 20, 17, 16, 38, 43, 48, 26, 49, 39, 55, 10, 50, 47, 53, 11, 42, 40, 34, 25, 33, 28, 29, 30, 44, 46, 45, 23, 24, 5, 2, 1, 3, 4, 58, 56, 57, 32, 31, 36, 35, 37, 9, 6, 8, 7, 12, 13, 14, 15, 21, 22, 51, 52, 41, 27, 54, 0]
128;380;[0, 18, 19, 20, 17, 16, 38, 43, 48, 26, 49, 39, 55, 10, 50, 47, 53, 11, 42, 40, 34, 25, 33, 28, 29, 30, 44, 46, 45, 23, 24, 5, 2, 1, 3, 4, 58, 56, 57, 32, 31, 36, 35, 37, 9, 6, 8, 7, 12, 13, 14, 15, 21, 22, 51, 52, 41, 27, 54, 0]
129;380;[0, 18, 19, 20, 17, 16, 38, 43, 48, 26, 49, 39, 55, 10, 50, 47, 53, 11, 42, 40, 34, 25, 33, 28, 29, 30, 44, 46, 45, 23, 24, 5, 2, 1, 3, 4, 58, 56, 57, 32, 31, 36, 35, 37, 9, 6, 8, 7, 12, 13, 14, 15, 21, 22, 51, 52, 41, 27, 54, 0]
130;380;[0, 18, 19, 20, 17, 16, 38, 43, 48, 26, 49, 39, 55, 10, 50, 47, 53, 11, 42, 40, 34, 25, 33, 28, 29, 30, 44, 46, 45, 23, 24, 5, 2, 1, 3, 4, 58, 56, 57, 32, 31, 36, 35, 37, 9, 6, 8, 7, 12, 13, 14, 15, 21, 22, 51, 52, 41, 27, 54, 0]
131;380;[0, 18, 19, 20, 17, 16, 38, 43, 48, 26, 49, 39, 55, 10, 50, 47, 53, 11, 42, 40, 34, 25, 33, 28, 29, 30, 44, 46, 45, 23, 24, 5, 2, 1, 3, 4, 58, 56, 57, 32, 31, 36, 35, 37, 9, 6, 8, 7, 12, 13, 14, 15, 21, 22, 51, 52, 41, 27, 54, 0]
132;380;[0, 18, 19, 20, 17, 16, 38, 43, 48, 26, 49, 39, 55, 10, 50, 47, 53, 11, 42, 40, 34, 25, 33, 28, 29, 30, 44, 46, 45, 23, 24, 5, 2, 1, 3, 4, 58, 56, 57, 32, 31, 36, 35, 37, 9, 6, 8, 7, 12, 13, 14, 15, 21, 22, 51, 52, 41, 27, 54, 0]
133;380;[0, 18, 19, 20, 17, 16, 38, 43, 48, 26, 49, 39, 55, 10, 50, 47, 53, 11, 42, 40, 34, 25, 33, 28, 29, 30, 44, 46, 45, 23, 24, 5, 2, 1, 3, 4, 58, 56, 57, 32, 31, 36, 35, 37, 9, 6, 8, 7, 12, 13, 14, 15, 21, 22, 51, 52, 41, 27, 54, 0]
134;380;[0, 18, 19, 20, 17, 16, 38, 43, 48, 26, 49, 39, 55, 10, 50, 47, 53, 11, 42, 40, 34, 25, 33, 28, 29, 30, 44, 46, 45, 23, 24, 5, 2, 1, 3, 4, 58, 56, 57, 32, 31, 36, 35, 37, 9, 6, 8, 7, 12, 13, 14, 15, 21, 22, 51, 52, 41, 27, 54, 0]
135;380;[0, 18, 19, 20, 17, 16, 38, 43, 48, 26, 49, 39, 55, 10, 50, 47, 53, 11, 42, 40, 34, 25, 33, 28, 29, 30, 44, 46, 45, 23, 24, 5, 2, 1, 3, 4, 58, 56, 57, 32, 31, 36, 35, 37, 9, 6, 8, 7, 12, 13, 14, 15, 21, 22, 51, 52, 41, 27, 54, 0]
136;380;[0, 18, 19, 20, 17, 16, 38, 43, 48, 26, 49, 39, 55, 10, 50, 47, 53, 11, 42, 40, 34, 25, 33, 28, 29, 30, 44, 46, 45, 23, 24, 5, 2, 1, 3, 4, 58, 56, 57, 32, 31, 36, 35, 37, 9, 6, 8, 7, 12, 13, 14, 15, 21, 22, 51, 52, 41, 27, 54, 0]
137;380;[0, 18, 19, 20, 17, 16, 38, 43, 48, 26, 49, 39, 55, 10, 50, 47, 53, 11, 42, 40, 34, 25, 33, 28, 29, 30, 44, 46, 45, 23, 24, 5, 2, 1, 3, 4, 58, 56, 57, 32, 31, 36, 35, 37, 9, 6, 8, 7, 12, 13, 14, 15, 21, 22, 51, 52, 41, 27, 54, 0]
138;380;[0, 18, 19, 20, 17, 16, 38, 43, 48, 26, 49, 39, 55, 10, 50, 47, 53, 11, 42, 40, 34, 25, 33, 28, 29, 30, 44, 46, 45, 23, 24, 5, 2, 1, 3, 4, 58, 56, 57, 32, 31, 36, 35, 37, 9, 6, 8, 7, 12, 13, 14, 15, 21, 22, 51, 52, 41, 27, 54, 0]
139;380;[0, 18, 19, 20, 17, 16, 38, 43, 48, 26, 49, 39, 55, 10, 50, 47, 53, 11, 42, 40, 34, 25, 33, 28, 29, 30, 44, 46, 45, 23, 24, 5, 2, 1, 3, 4, 58, 56, 57, 32, 31, 36, 35, 37, 9, 6, 8, 7, 12, 13, 14, 15, 21, 22, 51, 52, 41, 27, 54, 0]
140;380;[0, 18, 19, 20, 17, 16, 38, 43, 48, 26, 49, 39, 55, 10, 50, 47, 53, 11, 42, 40, 34, 25, 33, 28, 29, 30, 44, 46, 45, 23, 24, 5, 2, 1, 3, 4, 58, 56, 57, 32, 31, 36, 35, 37, 9, 6, 8, 7, 12, 13, 14, 15, 21, 22, 51, 52, 41, 27, 54, 0]
141;380;[0, 18, 19, 20, 17, 16, 38, 43, 48, 26, 49, 39, 55, 10, 50, 47, 53, 11, 42, 40, 34, 25, 33, 28, 29, 30, 44, 46, 45, 23, 24, 5, 2, 1, 3, 4, 58, 56, 57, 32, 31, 36, 35, 37, 9, 6, 8, 7, 12, 13, 14, 15, 21, 22, 51, 52, 41, 27, 54, 0]
142;380;[0, 18, 19, 20, 17, 16, 38, 43, 48, 26, 49, 39, 55, 10, 50, 47, 53, 11, 42, 40, 34, 25, 33, 28, 29, 30, 44, 46, 45, 23, 24, 5, 2, 1, 3, 4, 58, 56, 57, 32, 31, 36, 35, 37, 9, 6, 8, 7, 12, 13, 14, 15, 21, 22, 51, 52, 41, 27, 54, 0]
143;380;[0, 18, 19, 20, 17, 16, 38, 43, 48, 26, 49, 39, 55, 10, 50, 47, 53, 11, 42, 40, 34, 25, 33, 28, 29, 30, 44, 46, 45, 23, 24, 5, 2, 1, 3, 4, 58, 56, 57, 32, 31, 36, 35, 37, 9, 6, 8, 7, 12, 13, 14, 15, 21, 22, 51, 52, 41, 27, 54, 0]
144;380;[0, 18, 19, 20, 17, 16, 38, 43, 48, 26, 49, 39, 55, 10, 50, 47, 53, 11, 42, 40, 34, 25, 33, 28, 29, 30, 44, 46, 45, 23, 24, 5, 2, 1, 3, 4, 58, 56, 57, 32, 31, 36, 35, 37, 9, 6, 8, 7, 12, 13, 14, 15, 21, 22, 51, 52, 41, 27, 54, 0]
145;379;[0, 18, 19, 20, 17, 16, 38, 43, 48, 26, 49, 39, 55, 10, 50, 47, 53, 11, 42, 40, 34, 25, 33, 28, 29, 30, 44, 46, 45, 23, 24, 5, 2, 1, 3, 4, 58, 56, 57, 32, 31, 36, 35, 37, 9, 6, 8, 7, 12, 13, 15, 14, 21, 22, 51, 52, 41, 27, 54, 0]
146;380;[0, 18, 19, 20, 17, 16, 38, 43, 48, 26, 49, 39, 55, 10, 50, 47, 53, 11, 42, 40, 34, 25, 33, 28, 29, 30, 44, 46, 45, 23, 24, 5, 2, 1, 3, 4, 58, 56, 57, 32, 31, 36, 35, 37, 9, 6, 8, 7, 12, 13, 14, 15, 21, 22, 51, 52, 41, 27, 54, 0]
147;380;[0, 18, 19, 20, 17, 16, 38, 43, 48, 26, 49, 39, 55, 10, 50, 47, 53, 11, 42, 40, 34, 25, 33, 28, 29, 30, 44, 46, 45, 23, 24, 5, 2, 1, 3, 4, 58, 56, 57, 32, 31, 36, 35, 37, 9, 6, 8, 7, 12, 13, 14, 15, 21, 22, 51, 52, 41, 27, 54, 0]
148;379;[0, 51, 52, 41, 27, 54, 21, 22, 15, 14, 13, 12, 7, 8, 6, 9, 32, 31, 36, 35, 37, 57, 56, 58, 4, 2, 1, 3, 5, 23, 24, 45, 46, 44, 30, 29, 28, 38, 43, 48, 26, 49, 39, 55, 10, 50, 47, 53, 11, 42, 40, 34, 25, 33, 20, 17, 16, 19, 18, 0]
149;379;[0, 51, 52, 41, 27, 54, 21, 22, 15, 14, 13, 12, 7, 8, 6, 9, 32, 31, 36, 35, 37, 57, 56, 58, 4, 2, 1, 3, 5, 23, 24, 45, 46, 44, 30, 29, 28, 38, 43, 48, 26, 49, 39, 55, 10, 50, 47, 53, 11, 42, 40, 34, 25, 33, 20, 17, 16, 19, 18, 0]
150;379;[0, 51, 52, 41, 27, 54, 21, 22, 15, 14, 13, 12, 7, 8, 6, 9, 32, 31, 36, 35, 37, 57, 56, 58, 4, 2, 1, 3, 5, 23, 24, 45, 46, 44, 30, 29, 28, 38, 43, 48, 26, 49, 39, 55, 10, 50, 47, 53, 11, 42, 40, 34, 25, 33, 20, 17, 16, 19, 18, 0]
151;379;[0, 51, 52, 41, 27, 54, 21, 22, 15, 14, 13, 12, 7, 8, 6, 9, 32, 31, 36, 35, 37, 57, 56, 58, 4, 2, 1, 3, 5, 23, 24, 45, 46, 44, 30, 29, 28, 38, 43, 48, 26, 49, 39, 55, 10, 50, 47, 53, 11, 42, 40, 34, 25, 33, 20, 17, 16, 19, 18, 0]
152;379;[0, 51, 52, 41, 27, 54, 21, 22, 15, 14, 13, 12, 7, 8, 6, 9, 32, 31, 36, 35, 37, 57, 56, 58, 4, 2, 1, 3, 5, 23, 24, 45, 46, 44, 30, 29, 28, 38, 43, 48, 26, 49, 39, 55, 10, 50, 47, 53, 11, 42, 40, 34, 25, 33, 20, 17, 16, 19, 18, 0]
153;379;[0, 51, 52, 41, 27, 54, 21, 22, 15, 14, 13, 12, 7, 8, 6, 9, 32, 31, 36, 35, 37, 57, 56, 58, 4, 2, 1, 3, 5, 23, 24, 45, 46, 44, 30, 29, 28, 38, 43, 48, 26, 49, 39, 55, 10, 50, 47, 53, 11, 42, 40, 34, 25, 33, 20, 17, 16, 19, 18, 0]
154;379;[0, 51, 52, 41, 27, 54, 21, 22, 15, 14, 13, 12, 7, 8, 6, 9, 32, 31, 36, 35, 37, 57, 56, 58, 4, 2, 1, 3, 5, 23, 24, 45, 46, 44, 30, 29, 28, 38, 43, 48, 26, 49, 39, 55, 10, 50, 47, 53, 11, 42, 40, 34, 25, 33, 20, 17, 16, 19, 18, 0]
155;379;[0, 51, 52, 41, 27, 54, 21, 22, 15, 14, 13, 12, 7, 8, 6, 9, 32, 31, 36, 35, 37, 57, 56, 58, 4, 2, 1, 3, 5, 23, 24, 45, 46, 44, 30, 29, 28, 38, 43, 48, 26, 49, 39, 55, 10, 50, 47, 53, 11, 42, 40, 34, 25, 33, 20, 17, 16, 19, 18, 0]
156;379;[0, 51, 52, 41, 27, 54, 21, 22, 15, 14, 13, 12, 7, 8, 6, 9, 32, 31, 36, 35, 37, 57, 56, 58, 4, 2, 1, 3, 5, 23, 24, 45, 46, 44, 30, 29, 28, 38, 43, 48, 26, 49, 39, 55, 10, 50, 47, 53, 11, 42, 40, 34, 25, 33, 20, 17, 16, 19, 18, 0]
157;379;[0, 51, 52, 41, 27, 54, 21, 22, 15, 14, 13, 12, 7, 8, 6, 9, 32, 31, 36, 35, 37, 57, 56, 58, 4, 2, 1, 3, 5, 23, 24, 45, 46, 44, 30, 29, 28, 38, 43, 48, 26, 49, 39, 55, 10, 50, 47, 53, 11, 42, 40, 34, 25, 33, 20, 17, 16, 19, 18, 0]
158;379;[0, 51, 52, 41, 27, 54, 21, 22, 15, 14, 13, 12, 7, 8, 6, 9, 32, 31, 36, 35, 37, 57, 56, 58, 4, 2, 1, 3, 5, 23, 24, 45, 46, 44, 30, 29, 28, 38, 43, 48, 26, 49, 39, 55, 10, 50, 47, 53, 11, 42, 40, 34, 25, 33, 20, 17, 16, 19, 18, 0]
159;379;[0, 51, 52, 41, 27, 54, 21, 22, 15, 14, 13, 12, 7, 8, 6, 9, 32, 31, 36, 35, 37, 57, 56, 58, 4, 2, 1, 3, 5, 23, 24, 45, 46, 44, 30, 29, 28, 38, 43, 48, 26, 49, 39, 55, 10, 50, 47, 53, 11, 42, 40, 34, 25, 33, 20, 17, 16, 19, 18, 0]
160;379;[0, 51, 52, 41, 27, 54, 21, 22, 15, 14, 13, 12, 7, 8, 6, 9, 32, 31, 36, 35, 37, 57, 56, 58, 4, 2, 1, 3, 5, 23, 24, 45, 46, 44, 30, 29, 28, 38, 43, 48, 26, 49, 39, 55, 10, 50, 47, 53, 11, 42, 40, 34, 25, 33, 20, 17, 16, 19, 18, 0]
161;379;[0, 51, 52, 41, 27, 54, 21, 22, 15, 14, 13, 12, 7, 8, 6, 9, 32, 31, 36, 35, 37, 57, 56, 58, 4, 2, 1, 3, 5, 23, 24, 45, 46, 44, 30, 29, 28, 38, 43, 48, 26, 49, 39, 55, 10, 50, 47, 53, 11, 42, 40, 34, 25, 33, 20, 17, 16, 19, 18, 0]
162;379;[0, 51, 52, 41, 27, 54, 21, 22, 15, 14, 13, 12, 7, 8, 6, 9, 32, 31, 36, 35, 37, 57, 56, 58, 4, 2, 1, 3, 5, 23, 24, 45, 46, 44, 30, 29, 28, 38, 43, 48, 26, 49, 39, 55, 10, 50, 47, 53, 11, 42, 40, 34, 25, 33, 20, 17, 16, 19, 18, 0]
163;379;[0, 51, 52, 41, 27, 54, 21, 22, 15, 14, 13, 12, 7, 8, 6, 9, 32, 31, 36, 35, 37, 57, 56, 58, 4, 2, 1, 3, 5, 23, 24, 45, 46, 44, 30, 29, 28, 38, 43, 48, 26, 49, 39, 55, 10, 50, 47, 53, 11, 42, 40, 34, 25, 33, 20, 17, 16, 19, 18, 0]
164;379;[0, 51, 52, 41, 27, 54, 21, 22, 15, 14, 13, 12, 7, 8, 6, 9, 32, 31, 36, 35, 37, 57, 56, 58, 4, 2, 1, 3, 5, 23, 24, 45, 46, 44, 30, 29, 28, 38, 43, 48, 26, 49, 39, 55, 10, 50, 47, 53, 11, 42, 40, 34, 25, 33, 20, 17, 16, 19, 18, 0]
165;379;[0, 51, 52, 41, 27, 54, 21, 22, 15, 14, 13, 12, 7, 8, 6, 9, 32, 31, 36, 35, 37, 57, 56, 58, 4, 2, 1, 3, 5, 23, 24, 45, 46, 44, 30, 29, 28, 38, 43, 48, 26, 49, 39, 55, 10, 50, 47, 53, 11, 42, 40, 34, 25, 33, 20, 17, 16, 19, 18, 0]
166;379;[0, 51, 52, 41, 27, 54, 21, 22, 15, 14, 13, 12, 7, 8, 6, 9, 32, 31, 36, 35, 37, 57, 56, 58, 4, 2, 1, 3, 5, 23, 24, 45, 46, 44, 30, 29, 28, 38, 43, 48, 26, 49, 39, 55, 10, 50, 47, 53, 11, 42, 40, 34, 25, 33, 20, 17, 16, 19, 18, 0]
167;379;[0, 51, 52, 41, 27, 54, 21, 22, 15, 14, 13, 12, 7, 8, 6, 9, 32, 31, 36, 35, 37, 57, 56, 58, 4, 2, 1, 3, 5, 23, 24, 45, 46, 44, 30, 29, 28, 38, 43, 48, 26, 49, 39, 55, 10, 50, 47, 53, 11, 42, 40, 34, 25, 33, 20, 17, 16, 19, 18, 0]
168;379;[0, 51, 52, 41, 27, 54, 21, 22, 15, 14, 13, 12, 7, 8, 6, 9, 32, 31, 36, 35, 37, 57, 56, 58, 4, 2, 1, 3, 5, 23, 24, 45, 46, 44, 30, 29, 28, 38, 43, 48, 26, 49, 39, 55, 10, 50, 47, 53, 11, 42, 40, 34, 25, 33, 20, 17, 16, 19, 18, 0]
169;379;[0, 51, 52, 41, 27, 54, 21, 22, 15, 14, 13, 12, 7, 8, 6, 9, 32, 31, 36, 35, 37, 57, 56, 58, 4, 2, 1, 3, 5, 23, 24, 45, 46, 44, 30, 29, 28, 38, 43, 48, 26, 49, 39, 55, 10, 50, 47, 53, 11, 42, 40, 34, 25, 33, 20, 17, 16, 19, 18, 0]
170;379;[0, 51, 52, 41, 27, 54, 21, 22, 15, 14, 13, 12, 7, 8, 6, 9, 32, 31, 36, 35, 37, 57, 56, 58, 4, 2, 1, 3, 5, 23, 24, 45, 46, 44, 30, 29, 28, 38, 43, 48, 26, 49, 39, 55, 10, 50, 47, 53, 11, 42, 40, 34, 25, 33, 20, 17, 16, 19, 18, 0]
171;379;[0, 51, 52, 41, 27, 54, 21, 22, 15, 14, 13, 12, 7, 8, 6, 9, 32, 31, 36, 35, 37, 57, 56, 58, 4, 2, 1, 3, 5, 23, 24, 45, 46, 44, 30, 29, 28, 38, 43, 48, 26, 49, 39, 55, 10, 50, 47, 53, 11, 42, 40, 34, 25, 33, 20, 17, 16, 19, 18, 0]
172;379;[0, 51, 52, 41, 27, 54, 21, 22, 15, 14, 13, 12, 7, 8, 6, 9, 32, 31, 36, 35, 37, 57, 56, 58, 4, 2, 1, 3, 5, 23, 24, 45, 46, 44, 30, 29, 28, 38, 43, 48, 26, 49, 39, 55, 10, 50, 47, 53, 11, 42, 40, 34, 25, 33, 20, 17, 16, 19, 18, 0]
173;379;[0, 51, 52, 41, 27, 54, 21, 22, 15, 14, 13, 12, 7, 8, 6, 9, 32, 31, 36, 35, 37, 57, 56, 58, 4, 2, 1, 3, 5, 23, 24, 45, 46, 44, 30, 29, 28, 38, 43, 48, 26, 49, 39, 55, 10, 50, 47, 53, 11, 42, 40, 34, 25, 33, 20, 17, 16, 19, 18, 0]
174;379;[0, 51, 52, 41, 27, 54, 21, 22, 15, 14, 13, 12, 7, 8, 6, 9, 32, 31, 36, 35, 37, 57, 56, 58, 4, 2, 1, 3, 5, 23, 24, 45, 46, 44, 30, 29, 28, 38, 43, 48, 26, 49, 39, 55, 10, 50, 47, 53, 11, 42, 40, 34, 25, 33, 20, 17, 16, 19, 18, 0]
175;379;[0, 51, 52, 41, 27, 54, 21, 22, 15, 14, 13, 12, 7, 8, 6, 9, 32, 31, 36, 35, 37, 57, 56, 58, 4, 2, 1, 3, 5, 23, 24, 45, 46, 44, 30, 29, 28, 38, 43, 48, 26, 49, 39, 55, 10, 50, 47, 53, 11, 42, 40, 34, 25, 33, 20, 17, 16, 19, 18, 0]
176;379;[0, 51, 52, 41, 27, 54, 21, 22, 15, 14, 13, 12, 7, 8, 6, 9, 32, 31, 36, 35, 37, 57, 56, 58, 4, 2, 1, 3, 5, 23, 24, 45, 46, 44, 30, 29, 28, 38, 43, 48, 26, 49, 39, 55, 10, 50, 47, 53, 11, 42, 40, 34, 25, 33, 20, 17, 16, 19, 18, 0]
177;379;[0, 51, 52, 41, 27, 54, 21, 22, 15, 14, 13, 12, 7, 8, 6, 9, 32, 31, 36, 35, 37, 57, 56, 58, 4, 2, 1, 3, 5, 23, 24, 45, 46, 44, 30, 29, 28, 38, 43, 48, 26, 49, 39, 55, 10, 50, 47, 53, 11, 42, 40, 34, 25, 33, 20, 17, 16, 19, 18, 0]
178;379;[0, 51, 52, 41, 27, 54, 21, 22, 15, 14, 13, 12, 7, 8, 6, 9, 32, 31, 36, 35, 37, 57, 56, 58, 4, 2, 1, 3, 5, 23, 24, 45, 46, 44, 30, 29, 28, 38, 43, 48, 26, 49, 39, 55, 10, 50, 47, 53, 11, 42, 40, 34, 25, 33, 20, 17, 16, 19, 18, 0]
179;379;[0, 51, 52, 41, 27, 54, 21, 22, 15, 14, 13, 12, 7, 8, 6, 9, 32, 31, 36, 35, 37, 57, 56, 58, 4, 2, 1, 3, 5, 23, 24, 45, 46, 44, 30, 29, 28, 38, 43, 48, 26, 49, 39, 55, 10, 50, 47, 53, 11, 42, 40, 34, 25, 33, 20, 17, 16, 19, 18, 0]
180;379;[0, 51, 52, 41, 27, 54, 21, 22, 15, 14, 13, 12, 7, 8, 6, 9, 32, 31, 36, 35, 37, 57, 56, 58, 4, 2, 1, 3, 5, 23, 24, 45, 46, 44, 30, 29, 28, 38, 43, 48, 26, 49, 39, 55, 10, 50, 47, 53, 11, 42, 40, 34, 25, 33, 20, 17, 16, 19, 18, 0]
181;379;[0, 51, 52, 41, 27, 54, 21, 22, 15, 14, 13, 12, 7, 8, 6, 9, 32, 31, 36, 35, 37, 57, 56, 58, 4, 2, 1, 3, 5, 23, 24, 45, 46, 44, 30, 29, 28, 38, 43, 48, 26, 49, 39, 55, 10, 50, 47, 53, 11, 42, 40, 34, 25, 33, 20, 17, 16, 19, 18, 0]
182;379;[0, 51, 52, 41, 27, 54, 21, 22, 15, 14, 13, 12, 7, 8, 6, 9, 32, 31, 36, 35, 37, 57, 56, 58, 4, 2, 1, 3, 5, 23, 24, 45, 46, 44, 30, 29, 28, 38, 43, 48, 26, 49, 39, 55, 10, 50, 47, 53, 11, 42, 40, 34, 25, 33, 20, 17, 16, 19, 18, 0]
183;379;[0, 51, 52, 41, 27, 54, 21, 22, 15, 14, 13, 12, 7, 8, 6, 9, 32, 31, 36, 35, 37, 57, 56, 58, 4, 2, 1, 3, 5, 23, 24, 45, 46, 44, 30, 29, 28, 38, 43, 48, 26, 49, 39, 55, 10, 50, 47, 53, 11, 42, 40, 34, 25, 33, 20, 17, 16, 19, 18, 0]
184;379;[0, 51, 52, 41, 27, 54, 21, 22, 15, 14, 13, 12, 7, 8, 6, 9, 32, 31, 36, 35, 37, 57, 56, 58, 4, 2, 1, 3, 5, 23, 24, 45, 46, 44, 30, 29, 28, 38, 43, 48, 26, 49, 39, 55, 10, 50, 47, 53, 11, 42, 40, 34, 25, 33, 20, 17, 16, 19, 18, 0]
185;379;[0, 51, 52, 41, 27, 54, 21, 22, 15, 14, 13, 12, 7, 8, 6, 9, 32, 31, 36, 35, 37, 57, 56, 58, 4, 2, 1, 3, 5, 23, 24, 45, 46, 44, 30, 29, 28, 38, 43, 48, 26, 49, 39, 55, 10, 50, 47, 53, 11, 42, 40, 34, 25, 33, 20, 17, 16, 19, 18, 0]
186;379;[0, 51, 52, 41, 27, 54, 21, 22, 15, 14, 13, 12, 7, 8, 6, 9, 32, 31, 36, 35, 37, 57, 56, 58, 4, 2, 1, 3, 5, 23, 24, 45, 46, 44, 30, 29, 28, 38, 43, 48, 26, 49, 39, 55, 10, 50, 47, 53, 11, 42, 40, 34, 25, 33, 20, 17, 16, 19, 18, 0]
187;379;[0, 51, 52, 41, 27, 54, 21, 22, 15, 14, 13, 12, 7, 8, 6, 9, 32, 31, 36, 35, 37, 57, 56, 58, 4, 2, 1, 3, 5, 23, 24, 45, 46, 44, 30, 29, 28, 38, 43, 48, 26, 49, 39, 55, 10, 50, 47, 53, 11, 42, 40, 34, 25, 33, 20, 17, 16, 19, 18, 0]
188;379;[0, 51, 52, 41, 27, 54, 21, 22, 15, 14, 13, 12, 7, 8, 6, 9, 32, 31, 36, 35, 37, 57, 56, 58, 4, 2, 1, 3, 5, 23, 24, 45, 46, 44, 30, 29, 28, 38, 43, 48, 26, 49, 39, 55, 10, 50, 47, 53, 11, 42, 40, 34, 25, 33, 20, 17, 16, 19, 18, 0]
189;379;[0, 51, 52, 41, 27, 54, 21, 22, 15, 14, 13, 12, 7, 8, 6, 9, 32, 31, 36, 35, 37, 57, 56, 58, 4, 2, 1, 3, 5, 23, 24, 45, 46, 44, 30, 29, 28, 38, 43, 48, 26, 49, 39, 55, 10, 50, 47, 53, 11, 42, 40, 34, 25, 33, 20, 17, 16, 19, 18, 0]
190;379;[0, 51, 52, 41, 27, 54, 21, 22, 15, 14, 13, 12, 7, 8, 6, 9, 32, 31, 36, 35, 37, 57, 56, 58, 4, 2, 1, 3, 5, 23, 24, 45, 46, 44, 30, 29, 28, 38, 43, 48, 26, 49, 39, 55, 10, 50, 47, 53, 11, 42, 40, 34, 25, 33, 20, 17, 16, 19, 18, 0]
191;379;[0, 51, 52, 41, 27, 54, 21, 22, 15, 14, 13, 12, 7, 8, 6, 9, 32, 31, 36, 35, 37, 57, 56, 58, 4, 2, 1, 3, 5, 23, 24, 45, 46, 44, 30, 29, 28, 38, 43, 48, 26, 49, 39, 55, 10, 50, 47, 53, 11, 42, 40, 34, 25, 33, 20, 17, 16, 19, 18, 0]
192;379;[0, 51, 52, 41, 27, 54, 21, 22, 15, 14, 13, 12, 7, 8, 6, 9, 32, 31, 36, 35, 37, 57, 56, 58, 4, 2, 1, 3, 5, 23, 24, 45, 46, 44, 30, 29, 28, 38, 43, 48, 26, 49, 39, 55, 10, 50, 47, 53, 11, 42, 40, 34, 25, 33, 20, 17, 16, 19, 18, 0]
193;379;[0, 51, 52, 41, 27, 54, 21, 22, 15, 14, 13, 12, 7, 8, 6, 9, 32, 31, 36, 35, 37, 57, 56, 58, 4, 2, 1, 3, 5, 23, 24, 45, 46, 44, 30, 29, 28, 38, 43, 48, 26, 49, 39, 55, 10, 50, 47, 53, 11, 42, 40, 34, 25, 33, 20, 17, 16, 19, 18, 0]
194;379;[0, 51, 52, 41, 27, 54, 21, 22, 15, 14, 13, 12, 7, 8, 6, 9, 32, 31, 36, 35, 37, 57, 56, 58, 4, 2, 1, 3, 5, 23, 24, 45, 46, 44, 30, 29, 28, 38, 43, 48, 26, 49, 39, 55, 10, 50, 47, 53, 11, 42, 40, 34, 25, 33, 20, 17, 16, 19, 18, 0]
195;379;[0, 51, 52, 41, 27, 54, 21, 22, 15, 14, 13, 12, 7, 8, 6, 9, 32, 31, 36, 35, 37, 57, 56, 58, 4, 2, 1, 3, 5, 23, 24, 45, 46, 44, 30, 29, 28, 38, 43, 48, 26, 49, 39, 55, 10, 50, 47, 53, 11, 42, 40, 34, 25, 33, 20, 17, 16, 19, 18, 0]
196;379;[0, 51, 52, 41, 27, 54, 21, 22, 15, 14, 13, 12, 7, 8, 6, 9, 32, 31, 36, 35, 37, 57, 56, 58, 4, 2, 1, 3, 5, 23, 24, 45, 46, 44, 30, 29, 28, 38, 43, 48, 26, 49, 39, 55, 10, 50, 47, 53, 11, 42, 40, 34, 25, 33, 20, 17, 16, 19, 18, 0]
197;379;[0, 51, 52, 41, 27, 54, 21, 22, 15, 14, 13, 12, 7, 8, 6, 9, 32, 31, 36, 35, 37, 57, 56, 58, 4, 2, 1, 3, 5, 23, 24, 45, 46, 44, 30, 29, 28, 38, 43, 48, 26, 49, 39, 55, 10, 50, 47, 53, 11, 42, 40, 34, 25, 33, 20, 17, 16, 19, 18, 0]
198;379;[0, 51, 52, 41, 27, 54, 21, 22, 15, 14, 13, 12, 7, 8, 6, 9, 32, 31, 36, 35, 37, 57, 56, 58, 4, 2, 1, 3, 5, 23, 24, 45, 46, 44, 30, 29, 28, 38, 43, 48, 26, 49, 39, 55, 10, 50, 47, 53, 11, 42, 40, 34, 25, 33, 20, 17, 16, 19, 18, 0]
199;379;[0, 51, 52, 41, 27, 54, 21, 22, 15, 14, 13, 12, 7, 8, 6, 9, 32, 31, 36, 35, 37, 57, 56, 58, 4, 2, 1, 3, 5, 23, 24, 45, 46, 44, 30, 29, 28, 38, 43, 48, 26, 49, 39, 55, 10, 50, 47, 53, 11, 42, 40, 34, 25, 33, 20, 17, 16, 19, 18, 0]
200;379;[0, 51, 52, 41, 27, 54, 21, 22, 15, 14, 13, 12, 7, 8, 6, 9, 32, 31, 36, 35, 37, 57, 56, 58, 4, 2, 1, 3, 5, 23, 24, 45, 46, 44, 30, 29, 28, 38, 43, 48, 26, 49, 39, 55, 10, 50, 47, 53, 11, 42, 40, 34, 25, 33, 20, 17, 16, 19, 18, 0]
201;379;[0, 51, 52, 41, 27, 54, 21, 22, 15, 14, 13, 12, 7, 8, 6, 9, 32, 31, 36, 35, 37, 57, 56, 58, 4, 2, 1, 3, 5, 23, 24, 45, 46, 44, 30, 29, 28, 38, 43, 48, 26, 49, 39, 55, 10, 50, 47, 53, 11, 42, 40, 34, 25, 33, 20, 17, 16, 19, 18, 0]
202;379;[0, 51, 52, 41, 27, 54, 21, 22, 15, 14, 13, 12, 7, 8, 6, 9, 32, 31, 36, 35, 37, 57, 56, 58, 4, 2, 1, 3, 5, 23, 24, 45, 46, 44, 30, 29, 28, 38, 43, 48, 26, 49, 39, 55, 10, 50, 47, 53, 11, 42, 40, 34, 25, 33, 20, 17, 16, 19, 18, 0]
203;379;[0, 51, 52, 41, 27, 54, 21, 22, 15, 14, 13, 12, 7, 8, 6, 9, 32, 31, 36, 35, 37, 57, 56, 58, 4, 2, 1, 3, 5, 23, 24, 45, 46, 44, 30, 29, 28, 38, 43, 48, 26, 49, 39, 55, 10, 50, 47, 53, 11, 42, 40, 34, 25, 33, 20, 17, 16, 19, 18, 0]
204;379;[0, 51, 52, 41, 27, 54, 21, 22, 15, 14, 13, 12, 7, 8, 6, 9, 32, 31, 36, 35, 37, 57, 56, 58, 4, 2, 1, 3, 5, 23, 24, 45, 46, 44, 30, 29, 28, 38, 43, 48, 26, 49, 39, 55, 10, 50, 47, 53, 11, 42, 40, 34, 25, 33, 20, 17, 16, 19, 18, 0]
205;379;[0, 51, 52, 41, 27, 54, 21, 22, 15, 14, 13, 12, 7, 8, 6, 9, 32, 31, 36, 35, 37, 57, 56, 58, 4, 2, 1, 3, 5, 23, 24, 45, 46, 44, 30, 29, 28, 38, 43, 48, 26, 49, 39, 55, 10, 50, 47, 53, 11, 42, 40, 34, 25, 33, 20, 17, 16, 19, 18, 0]
206;379;[0, 51, 52, 41, 27, 54, 21, 22, 15, 14, 13, 12, 7, 8, 6, 9, 32, 31, 36, 35, 37, 57, 56, 58, 4, 2, 1, 3, 5, 23, 24, 45, 46, 44, 30, 29, 28, 38, 43, 48, 26, 49, 39, 55, 10, 50, 47, 53, 11, 42, 40, 34, 25, 33, 20, 17, 16, 19, 18, 0]
207;379;[0, 51, 52, 41, 27, 54, 21, 22, 15, 14, 13, 12, 7, 8, 6, 9, 32, 31, 36, 35, 37, 57, 56, 58, 4, 2, 1, 3, 5, 23, 24, 45, 46, 44, 30, 29, 28, 38, 43, 48, 26, 49, 39, 55, 10, 50, 47, 53, 11, 42, 40, 34, 25, 33, 20, 17, 16, 19, 18, 0]
208;379;[0, 51, 52, 41, 27, 54, 21, 22, 15, 14, 13, 12, 7, 8, 6, 9, 32, 31, 36, 35, 37, 57, 56, 58, 4, 2, 1, 3, 5, 23, 24, 45, 46, 44, 30, 29, 28, 38, 43, 48, 26, 49, 39, 55, 10, 50, 47, 53, 11, 42, 40, 34, 25, 33, 20, 17, 16, 19, 18, 0]
209;379;[0, 51, 52, 41, 27, 54, 21, 22, 15, 14, 13, 12, 7, 8, 6, 9, 32, 31, 36, 35, 37, 57, 56, 58, 4, 2, 1, 3, 5, 23, 24, 45, 46, 44, 30, 29, 28, 38, 43, 48, 26, 49, 39, 55, 10, 50, 47, 53, 11, 42, 40, 34, 25, 33, 20, 17, 16, 19, 18, 0]
210;379;[0, 51, 52, 41, 27, 54, 21, 22, 15, 14, 13, 12, 7, 8, 6, 9, 32, 31, 36, 35, 37, 57, 56, 58, 4, 2, 1, 3, 5, 23, 24, 45, 46, 44, 30, 29, 28, 38, 43, 48, 26, 49, 39, 55, 10, 50, 47, 53, 11, 42, 40, 34, 25, 33, 20, 17, 16, 19, 18, 0]
211;379;[0, 51, 52, 41, 27, 54, 21, 22, 15, 14, 13, 12, 7, 8, 6, 9, 32, 31, 36, 35, 37, 57, 56, 58, 4, 2, 1, 3, 5, 23, 24, 45, 46, 44, 30, 29, 28, 38, 43, 48, 26, 49, 39, 55, 10, 50, 47, 53, 11, 42, 40, 34, 25, 33, 20, 17, 16, 19, 18, 0]
212;379;[0, 51, 52, 41, 27, 54, 21, 22, 15, 14, 13, 12, 7, 8, 6, 9, 32, 31, 36, 35, 37, 57, 56, 58, 4, 2, 1, 3, 5, 23, 24, 45, 46, 44, 30, 29, 28, 38, 43, 48, 26, 49, 39, 55, 10, 50, 47, 53, 11, 42, 40, 34, 25, 33, 20, 17, 16, 19, 18, 0]
213;379;[0, 51, 52, 41, 27, 54, 21, 22, 15, 14, 13, 12, 7, 8, 6, 9, 32, 31, 36, 35, 37, 57, 56, 58, 4, 2, 1, 3, 5, 23, 24, 45, 46, 44, 30, 29, 28, 38, 43, 48, 26, 49, 39, 55, 10, 50, 47, 53, 11, 42, 40, 34, 25, 33, 20, 17, 16, 19, 18, 0]
214;379;[0, 51, 52, 41, 27, 54, 21, 22, 15, 14, 13, 12, 7, 8, 6, 9, 32, 31, 36, 35, 37, 57, 56, 58, 4, 2, 1, 3, 5, 23, 24, 45, 46, 44, 30, 29, 28, 38, 43, 48, 26, 49, 39, 55, 10, 50, 47, 53, 11, 42, 40, 34, 25, 33, 20, 17, 16, 19, 18, 0]
215;379;[0, 51, 52, 41, 27, 54, 21, 22, 15, 14, 13, 12, 7, 8, 6, 9, 32, 31, 36, 35, 37, 57, 56, 58, 4, 2, 1, 3, 5, 23, 24, 45, 46, 44, 30, 29, 28, 38, 43, 48, 26, 49, 39, 55, 10, 50, 47, 53, 11, 42, 40, 34, 25, 33, 20, 17, 16, 19, 18, 0]
216;379;[0, 51, 52, 41, 27, 54, 21, 22, 15, 14, 13, 12, 7, 8, 6, 9, 32, 31, 36, 35, 37, 57, 56, 58, 4, 2, 1, 3, 5, 23, 24, 45, 46, 44, 30, 29, 28, 38, 43, 48, 26, 49, 39, 55, 10, 50, 47, 53, 11, 42, 40, 34, 25, 33, 20, 17, 16, 19, 18, 0]
217;379;[0, 51, 52, 41, 27, 54, 21, 22, 15, 14, 13, 12, 7, 8, 6, 9, 32, 31, 36, 35, 37, 57, 56, 58, 4, 2, 1, 3, 5, 23, 24, 45, 46, 44, 30, 29, 28, 38, 43, 48, 26, 49, 39, 55, 10, 50, 47, 53, 11, 42, 40, 34, 25, 33, 20, 17, 16, 19, 18, 0]
218;379;[0, 51, 52, 41, 27, 54, 21, 22, 15, 14, 13, 12, 7, 8, 6, 9, 32, 31, 36, 35, 37, 57, 56, 58, 4, 2, 1, 3, 5, 23, 24, 45, 46, 44, 30, 29, 28, 38, 43, 48, 26, 49, 39, 55, 10, 50, 47, 53, 11, 42, 40, 34, 25, 33, 20, 17, 16, 19, 18, 0]
219;379;[0, 51, 52, 41, 27, 54, 21, 22, 15, 14, 13, 12, 7, 8, 6, 9, 32, 31, 36, 35, 37, 57, 56, 58, 4, 2, 1, 3, 5, 23, 24, 45, 46, 44, 30, 29, 28, 38, 43, 48, 26, 49, 39, 55, 10, 50, 47, 53, 11, 42, 40, 34, 25, 33, 20, 17, 16, 19, 18, 0]
220;379;[0, 51, 52, 41, 27, 54, 21, 22, 15, 14, 13, 12, 7, 8, 6, 9, 32, 31, 36, 35, 37, 57, 56, 58, 4, 2, 1, 3, 5, 23, 24, 45, 46, 44, 30, 29, 28, 38, 43, 48, 26, 49, 39, 55, 10, 50, 47, 53, 11, 42, 40, 34, 25, 33, 20, 17, 16, 19, 18, 0]
221;379;[0, 51, 52, 41, 27, 54, 21, 22, 15, 14, 13, 12, 7, 8, 6, 9, 32, 31, 36, 35, 37, 57, 56, 58, 4, 2, 1, 3, 5, 23, 24, 45, 46, 44, 30, 29, 28, 38, 43, 48, 26, 49, 39, 55, 10, 50, 47, 53, 11, 42, 40, 34, 25, 33, 20, 17, 16, 19, 18, 0]
222;379;[0, 51, 52, 41, 27, 54, 21, 22, 15, 14, 13, 12, 7, 8, 6, 9, 32, 31, 36, 35, 37, 57, 56, 58, 4, 2, 1, 3, 5, 23, 24, 45, 46, 44, 30, 29, 28, 38, 43, 48, 26, 49, 39, 55, 10, 50, 47, 53, 11, 42, 40, 34, 25, 33, 20, 17, 16, 19, 18, 0]
223;379;[0, 51, 52, 41, 27, 54, 21, 22, 15, 14, 13, 12, 7, 8, 6, 9, 32, 31, 36, 35, 37, 57, 56, 58, 4, 2, 1, 3, 5, 23, 24, 45, 46, 44, 30, 29, 28, 38, 43, 48, 26, 49, 39, 55, 10, 50, 47, 53, 11, 42, 40, 34, 25, 33, 20, 17, 16, 19, 18, 0]
224;379;[0, 51, 52, 41, 27, 54, 21, 22, 15, 14, 13, 12, 7, 8, 6, 9, 32, 31, 36, 35, 37, 57, 56, 58, 4, 2, 1, 3, 5, 23, 24, 45, 46, 44, 30, 29, 28, 38, 43, 48, 26, 49, 39, 55, 10, 50, 47, 53, 11, 42, 40, 34, 25, 33, 20, 17, 16, 19, 18, 0]
225;379;[0, 51, 52, 41, 27, 54, 21, 22, 15, 14, 13, 12, 7, 8, 6, 9, 32, 31, 36, 35, 37, 57, 56, 58, 4, 2, 1, 3, 5, 23, 24, 45, 46, 44, 30, 29, 28, 38, 43, 48, 26, 49, 39, 55, 10, 50, 47, 53, 11, 42, 40, 34, 25, 33, 20, 17, 16, 19, 18, 0]
226;379;[0, 51, 52, 41, 27, 54, 21, 22, 15, 14, 13, 12, 7, 8, 6, 9, 32, 31, 36, 35, 37, 57, 56, 58, 4, 2, 1, 3, 5, 23, 24, 45, 46, 44, 30, 29, 28, 38, 43, 48, 26, 49, 39, 55, 10, 50, 47, 53, 11, 42, 40, 34, 25, 33, 20, 17, 16, 19, 18, 0]
227;379;[0, 51, 52, 41, 27, 54, 21, 22, 15, 14, 13, 12, 7, 8, 6, 9, 32, 31, 36, 35, 37, 57, 56, 58, 4, 2, 1, 3, 5, 23, 24, 45, 46, 44, 30, 29, 28, 38, 43, 48, 26, 49, 39, 55, 10, 50, 47, 53, 11, 42, 40, 34, 25, 33, 20, 17, 16, 19, 18, 0]
228;379;[0, 51, 52, 41, 27, 54, 21, 22, 15, 14, 13, 12, 7, 8, 6, 9, 32, 31, 36, 35, 37, 57, 56, 58, 4, 2, 1, 3, 5, 23, 24, 45, 46, 44, 30, 29, 28, 38, 43, 48, 26, 49, 39, 55, 10, 50, 47, 53, 11, 42, 40, 34, 25, 33, 20, 17, 16, 19, 18, 0]
229;379;[0, 51, 52, 41, 27, 54, 21, 22, 15, 14, 13, 12, 7, 8, 6, 9, 32, 31, 36, 35, 37, 57, 56, 58, 4, 2, 1, 3, 5, 23, 24, 45, 46, 44, 30, 29, 28, 38, 43, 48, 26, 49, 39, 55, 10, 50, 47, 53, 11, 42, 40, 34, 25, 33, 20, 17, 16, 19, 18, 0]
230;379;[0, 51, 52, 41, 27, 54, 21, 22, 15, 14, 13, 12, 7, 8, 6, 9, 32, 31, 36, 35, 37, 57, 56, 58, 4, 2, 1, 3, 5, 23, 24, 45, 46, 44, 30, 29, 28, 38, 43, 48, 26, 49, 39, 55, 10, 50, 47, 53, 11, 42, 40, 34, 25, 33, 20, 17, 16, 19, 18, 0]
231;379;[0, 51, 52, 41, 27, 54, 21, 22, 15, 14, 13, 12, 7, 8, 6, 9, 32, 31, 36, 35, 37, 57, 56, 58, 4, 2, 1, 3, 5, 23, 24, 45, 46, 44, 30, 29, 28, 38, 43, 48, 26, 49, 39, 55, 10, 50, 47, 53, 11, 42, 40, 34, 25, 33, 20, 17, 16, 19, 18, 0]
232;379;[0, 51, 52, 41, 27, 54, 21, 22, 15, 14, 13, 12, 7, 8, 6, 9, 32, 31, 36, 35, 37, 57, 56, 58, 4, 2, 1, 3, 5, 23, 24, 45, 46, 44, 30, 29, 28, 38, 43, 48, 26, 49, 39, 55, 10, 50, 47, 53, 11, 42, 40, 34, 25, 33, 20, 17, 16, 19, 18, 0]
233;379;[0, 51, 52, 41, 27, 54, 21, 22, 15, 14, 13, 12, 7, 8, 6, 9, 32, 31, 36, 35, 37, 57, 56, 58, 4, 2, 1, 3, 5, 23, 24, 45, 46, 44, 30, 29, 28, 38, 43, 48, 26, 49, 39, 55, 10, 50, 47, 53, 11, 42, 40, 34, 25, 33, 20, 17, 16, 19, 18, 0]
234;379;[0, 51, 52, 41, 27, 54, 21, 22, 15, 14, 13, 12, 7, 8, 6, 9, 32, 31, 36, 35, 37, 57, 56, 58, 4, 2, 1, 3, 5, 23, 24, 45, 46, 44, 30, 29, 28, 38, 43, 48, 26, 49, 39, 55, 10, 50, 47, 53, 11, 42, 40, 34, 25, 33, 20, 17, 16, 19, 18, 0]
235;379;[0, 51, 52, 41, 27, 54, 21, 22, 15, 14, 13, 12, 7, 8, 6, 9, 32, 31, 36, 35, 37, 57, 56, 58, 4, 2, 1, 3, 5, 23, 24, 45, 46, 44, 30, 29, 28, 38, 43, 48, 26, 49, 39, 55, 10, 50, 47, 53, 11, 42, 40, 34, 25, 33, 20, 17, 16, 19, 18, 0]
236;379;[0, 51, 52, 41, 27, 54, 21, 22, 15, 14, 13, 12, 7, 8, 6, 9, 32, 31, 36, 35, 37, 57, 56, 58, 4, 2, 1, 3, 5, 23, 24, 45, 46, 44, 30, 29, 28, 38, 43, 48, 26, 49, 39, 55, 10, 50, 47, 53, 11, 42, 40, 34, 25, 33, 20, 17, 16, 19, 18, 0]
237;379;[0, 51, 52, 41, 27, 54, 21, 22, 15, 14, 13, 12, 7, 8, 6, 9, 32, 31, 36, 35, 37, 57, 56, 58, 4, 2, 1, 3, 5, 23, 24, 45, 46, 44, 30, 29, 28, 38, 43, 48, 26, 49, 39, 55, 10, 50, 47, 53, 11, 42, 40, 34, 25, 33, 20, 17, 16, 19, 18, 0]
238;379;[0, 51, 52, 41, 27, 54, 21, 22, 15, 14, 13, 12, 7, 8, 6, 9, 32, 31, 36, 35, 37, 57, 56, 58, 4, 2, 1, 3, 5, 23, 24, 45, 46, 44, 30, 29, 28, 38, 43, 48, 26, 49, 39, 55, 10, 50, 47, 53, 11, 42, 40, 34, 25, 33, 20, 17, 16, 19, 18, 0]
239;379;[0, 51, 52, 41, 27, 54, 21, 22, 15, 14, 13, 12, 7, 8, 6, 9, 32, 31, 36, 35, 37, 57, 56, 58, 4, 2, 1, 3, 5, 23, 24, 45, 46, 44, 30, 29, 28, 38, 43, 48, 26, 49, 39, 55, 10, 50, 47, 53, 11, 42, 40, 34, 25, 33, 20, 17, 16, 19, 18, 0]
240;379;[0, 51, 52, 41, 27, 54, 21, 22, 15, 14, 13, 12, 7, 8, 6, 9, 32, 31, 36, 35, 37, 57, 56, 58, 4, 2, 1, 3, 5, 23, 24, 45, 46, 44, 30, 29, 28, 38, 43, 48, 26, 49, 39, 55, 10, 50, 47, 53, 11, 42, 40, 34, 25, 33, 20, 17, 16, 19, 18, 0]
241;379;[0, 51, 52, 41, 27, 54, 21, 22, 15, 14, 13, 12, 7, 8, 6, 9, 32, 31, 36, 35, 37, 57, 56, 58, 4, 2, 1, 3, 5, 23, 24, 45, 46, 44, 30, 29, 28, 38, 43, 48, 26, 49, 39, 55, 10, 50, 47, 53, 11, 42, 40, 34, 25, 33, 20, 17, 16, 19, 18, 0]
242;379;[0, 51, 52, 41, 27, 54, 21, 22, 15, 14, 13, 12, 7, 8, 6, 9, 32, 31, 36, 35, 37, 57, 56, 58, 4, 2, 1, 3, 5, 23, 24, 45, 46, 44, 30, 29, 28, 38, 43, 48, 26, 49, 39, 55, 10, 50, 47, 53, 11, 42, 40, 34, 25, 33, 20, 17, 16, 19, 18, 0]
243;379;[0, 51, 52, 41, 27, 54, 21, 22, 15, 14, 13, 12, 7, 8, 6, 9, 32, 31, 36, 35, 37, 57, 56, 58, 4, 2, 1, 3, 5, 23, 24, 45, 46, 44, 30, 29, 28, 38, 43, 48, 26, 49, 39, 55, 10, 50, 47, 53, 11, 42, 40, 34, 25, 33, 20, 17, 16, 19, 18, 0]
244;379;[0, 51, 52, 41, 27, 54, 21, 22, 15, 14, 13, 12, 7, 8, 6, 9, 32, 31, 36, 35, 37, 57, 56, 58, 4, 2, 1, 3, 5, 23, 24, 45, 46, 44, 30, 29, 28, 38, 43, 48, 26, 49, 39, 55, 10, 50, 47, 53, 11, 42, 40, 34, 25, 33, 20, 17, 16, 19, 18, 0]
245;379;[0, 51, 52, 41, 27, 54, 21, 22, 15, 14, 13, 12, 7, 8, 6, 9, 32, 31, 36, 35, 37, 57, 56, 58, 4, 2, 1, 3, 5, 23, 24, 45, 46, 44, 30, 29, 28, 38, 43, 48, 26, 49, 39, 55, 10, 50, 47, 53, 11, 42, 40, 34, 25, 33, 20, 17, 16, 19, 18, 0]
246;379;[0, 51, 52, 41, 27, 54, 21, 22, 15, 14, 13, 12, 7, 8, 6, 9, 32, 31, 36, 35, 37, 57, 56, 58, 4, 2, 1, 3, 5, 23, 24, 45, 46, 44, 30, 29, 28, 38, 43, 48, 26, 49, 39, 55, 10, 50, 47, 53, 11, 42, 40, 34, 25, 33, 20, 17, 16, 19, 18, 0]
247;379;[0, 51, 52, 41, 27, 54, 21, 22, 15, 14, 13, 12, 7, 8, 6, 9, 32, 31, 36, 35, 37, 57, 56, 58, 4, 2, 1, 3, 5, 23, 24, 45, 46, 44, 30, 29, 28, 38, 43, 48, 26, 49, 39, 55, 10, 50, 47, 53, 11, 42, 40, 34, 25, 33, 20, 17, 16, 19, 18, 0]
248;379;[0, 51, 52, 41, 27, 54, 21, 22, 15, 14, 13, 12, 7, 8, 6, 9, 32, 31, 36, 35, 37, 57, 56, 58, 4, 2, 1, 3, 5, 23, 24, 45, 46, 44, 30, 29, 28, 38, 43, 48, 26, 49, 39, 55, 10, 50, 47, 53, 11, 42, 40, 34, 25, 33, 20, 17, 16, 19, 18, 0]
249;379;[0, 51, 52, 41, 27, 54, 21, 22, 15, 14, 13, 12, 7, 8, 6, 9, 32, 31, 36, 35, 37, 57, 56, 58, 4, 2, 1, 3, 5, 23, 24, 45, 46, 44, 30, 29, 28, 38, 43, 48, 26, 49, 39, 55, 10, 50, 47, 53, 11, 42, 40, 34, 25, 33, 20, 17, 16, 19, 18, 0]
250;379;[0, 51, 52, 41, 27, 54, 21, 22, 15, 14, 13, 12, 7, 8, 6, 9, 32, 31, 36, 35, 37, 57, 56, 58, 4, 2, 1, 3, 5, 23, 24, 45, 46, 44, 30, 29, 28, 38, 43, 48, 26, 49, 39, 55, 10, 50, 47, 53, 11, 42, 40, 34, 25, 33, 20, 17, 16, 19, 18, 0]
251;379;[0, 51, 52, 41, 27, 54, 21, 22, 15, 14, 13, 12, 7, 8, 6, 9, 32, 31, 36, 35, 37, 57, 56, 58, 4, 2, 1, 3, 5, 23, 24, 45, 46, 44, 30, 29, 28, 38, 43, 48, 26, 49, 39, 55, 10, 50, 47, 53, 11, 42, 40, 34, 25, 33, 20, 17, 16, 19, 18, 0]
252;379;[0, 51, 52, 41, 27, 54, 21, 22, 15, 14, 13, 12, 7, 8, 6, 9, 32, 31, 36, 35, 37, 57, 56, 58, 4, 2, 1, 3, 5, 23, 24, 45, 46, 44, 30, 29, 28, 38, 43, 48, 26, 49, 39, 55, 10, 50, 47, 53, 11, 42, 40, 34, 25, 33, 20, 17, 16, 19, 18, 0]
253;379;[0, 51, 52, 41, 27, 54, 21, 22, 15, 14, 13, 12, 7, 8, 6, 9, 32, 31, 36, 35, 37, 57, 56, 58, 4, 2, 1, 3, 5, 23, 24, 45, 46, 44, 30, 29, 28, 38, 43, 48, 26, 49, 39, 55, 10, 50, 47, 53, 11, 42, 40, 34, 25, 33, 20, 17, 16, 19, 18, 0]
254;379;[0, 51, 52, 41, 27, 54, 21, 22, 15, 14, 13, 12, 7, 8, 6, 9, 32, 31, 36, 35, 37, 57, 56, 58, 4, 2, 1, 3, 5, 23, 24, 45, 46, 44, 30, 29, 28, 38, 43, 48, 26, 49, 39, 55, 10, 50, 47, 53, 11, 42, 40, 34, 25, 33, 20, 17, 16, 19, 18, 0]
255;379;[0, 51, 52, 41, 27, 54, 21, 22, 15, 14, 13, 12, 7, 8, 6, 9, 32, 31, 36, 35, 37, 57, 56, 58, 4, 2, 1, 3, 5, 23, 24, 45, 46, 44, 30, 29, 28, 38, 43, 48, 26, 49, 39, 55, 10, 50, 47, 53, 11, 42, 40, 34, 25, 33, 20, 17, 16, 19, 18, 0]
256;379;[0, 51, 52, 41, 27, 54, 21, 22, 15, 14, 13, 12, 7, 8, 6, 9, 32, 31, 36, 35, 37, 57, 56, 58, 4, 2, 1, 3, 5, 23, 24, 45, 46, 44, 30, 29, 28, 38, 43, 48, 26, 49, 39, 55, 10, 50, 47, 53, 11, 42, 40, 34, 25, 33, 20, 17, 16, 19, 18, 0]
257;379;[0, 51, 52, 41, 27, 54, 21, 22, 15, 14, 13, 12, 7, 8, 6, 9, 32, 31, 36, 35, 37, 57, 56, 58, 4, 2, 1, 3, 5, 23, 24, 45, 46, 44, 30, 29, 28, 38, 43, 48, 26, 49, 39, 55, 10, 50, 47, 53, 11, 42, 40, 34, 25, 33, 20, 17, 16, 19, 18, 0]
258;379;[0, 51, 52, 41, 27, 54, 21, 22, 15, 14, 13, 12, 7, 8, 6, 9, 32, 31, 36, 35, 37, 57, 56, 58, 4, 2, 1, 3, 5, 23, 24, 45, 46, 44, 30, 29, 28, 38, 43, 48, 26, 49, 39, 55, 10, 50, 47, 53, 11, 42, 40, 34, 25, 33, 20, 17, 16, 19, 18, 0]
259;379;[0, 51, 52, 41, 27, 54, 21, 22, 15, 14, 13, 12, 7, 8, 6, 9, 32, 31, 36, 35, 37, 57, 56, 58, 4, 2, 1, 3, 5, 23, 24, 45, 46, 44, 30, 29, 28, 38, 43, 48, 26, 49, 39, 55, 10, 50, 47, 53, 11, 42, 40, 34, 25, 33, 20, 17, 16, 19, 18, 0]
260;379;[0, 51, 52, 41, 27, 54, 21, 22, 15, 14, 13, 12, 7, 8, 6, 9, 32, 31, 36, 35, 37, 57, 56, 58, 4, 2, 1, 3, 5, 23, 24, 45, 46, 44, 30, 29, 28, 38, 43, 48, 26, 49, 39, 55, 10, 50, 47, 53, 11, 42, 40, 34, 25, 33, 20, 17, 16, 19, 18, 0]
261;379;[0, 51, 52, 41, 27, 54, 21, 22, 15, 14, 13, 12, 7, 8, 6, 9, 32, 31, 36, 35, 37, 57, 56, 58, 4, 2, 1, 3, 5, 23, 24, 45, 46, 44, 30, 29, 28, 38, 43, 48, 26, 49, 39, 55, 10, 50, 47, 53, 11, 42, 40, 34, 25, 33, 20, 17, 16, 19, 18, 0]
262;379;[0, 51, 52, 41, 27, 54, 21, 22, 15, 14, 13, 12, 7, 8, 6, 9, 32, 31, 36, 35, 37, 57, 56, 58, 4, 2, 1, 3, 5, 23, 24, 45, 46, 44, 30, 29, 28, 38, 43, 48, 26, 49, 39, 55, 10, 50, 47, 53, 11, 42, 40, 34, 25, 33, 20, 17, 16, 19, 18, 0]
263;379;[0, 51, 52, 41, 27, 54, 21, 22, 15, 14, 13, 12, 7, 8, 6, 9, 32, 31, 36, 35, 37, 57, 56, 58, 4, 2, 1, 3, 5, 23, 24, 45, 46, 44, 30, 29, 28, 38, 43, 48, 26, 49, 39, 55, 10, 50, 47, 53, 11, 42, 40, 34, 25, 33, 20, 17, 16, 19, 18, 0]
264;379;[0, 51, 52, 41, 27, 54, 21, 22, 15, 14, 13, 12, 7, 8, 6, 9, 32, 31, 36, 35, 37, 57, 56, 58, 4, 2, 1, 3, 5, 23, 24, 45, 46, 44, 30, 29, 28, 38, 43, 48, 26, 49, 39, 55, 10, 50, 47, 53, 11, 42, 40, 34, 25, 33, 20, 17, 16, 19, 18, 0]
265;379;[0, 51, 52, 41, 27, 54, 21, 22, 15, 14, 13, 12, 7, 8, 6, 9, 32, 31, 36, 35, 37, 57, 56, 58, 4, 2, 1, 3, 5, 23, 24, 45, 46, 44, 30, 29, 28, 38, 43, 48, 26, 49, 39, 55, 10, 50, 47, 53, 11, 42, 40, 34, 25, 33, 20, 17, 16, 19, 18, 0]
266;379;[0, 51, 52, 41, 27, 54, 21, 22, 15, 14, 13, 12, 7, 8, 6, 9, 32, 31, 36, 35, 37, 57, 56, 58, 4, 2, 1, 3, 5, 23, 24, 45, 46, 44, 30, 29, 28, 38, 43, 48, 26, 49, 39, 55, 10, 50, 47, 53, 11, 42, 40, 34, 25, 33, 20, 17, 16, 19, 18, 0]
267;379;[0, 51, 52, 41, 27, 54, 21, 22, 15, 14, 13, 12, 7, 8, 6, 9, 32, 31, 36, 35, 37, 57, 56, 58, 4, 2, 1, 3, 5, 23, 24, 45, 46, 44, 30, 29, 28, 38, 43, 48, 26, 49, 39, 55, 10, 50, 47, 53, 11, 42, 40, 34, 25, 33, 20, 17, 16, 19, 18, 0]
268;379;[0, 51, 52, 41, 27, 54, 21, 22, 15, 14, 13, 12, 7, 8, 6, 9, 32, 31, 36, 35, 37, 57, 56, 58, 4, 2, 1, 3, 5, 23, 24, 45, 46, 44, 30, 29, 28, 38, 43, 48, 26, 49, 39, 55, 10, 50, 47, 53, 11, 42, 40, 34, 25, 33, 20, 17, 16, 19, 18, 0]
269;379;[0, 51, 52, 41, 27, 54, 21, 22, 15, 14, 13, 12, 7, 8, 6, 9, 32, 31, 36, 35, 37, 57, 56, 58, 4, 2, 1, 3, 5, 23, 24, 45, 46, 44, 30, 29, 28, 38, 43, 48, 26, 49, 39, 55, 10, 50, 47, 53, 11, 42, 40, 34, 25, 33, 20, 17, 16, 19, 18, 0]
270;379;[0, 51, 52, 41, 27, 54, 21, 22, 15, 14, 13, 12, 7, 8, 6, 9, 32, 31, 36, 35, 37, 57, 56, 58, 4, 2, 1, 3, 5, 23, 24, 45, 46, 44, 30, 29, 28, 38, 43, 48, 26, 49, 39, 55, 10, 50, 47, 53, 11, 42, 40, 34, 25, 33, 20, 17, 16, 19, 18, 0]
271;379;[0, 51, 52, 41, 27, 54, 21, 22, 15, 14, 13, 12, 7, 8, 6, 9, 32, 31, 36, 35, 37, 57, 56, 58, 4, 2, 1, 3, 5, 23, 24, 45, 46, 44, 30, 29, 28, 38, 43, 48, 26, 49, 39, 55, 10, 50, 47, 53, 11, 42, 40, 34, 25, 33, 20, 17, 16, 19, 18, 0]
272;379;[0, 51, 52, 41, 27, 54, 21, 22, 15, 14, 13, 12, 7, 8, 6, 9, 32, 31, 36, 35, 37, 57, 56, 58, 4, 2, 1, 3, 5, 23, 24, 45, 46, 44, 30, 29, 28, 38, 43, 48, 26, 49, 39, 55, 10, 50, 47, 53, 11, 42, 40, 34, 25, 33, 20, 17, 16, 19, 18, 0]
273;379;[0, 51, 52, 41, 27, 54, 21, 22, 15, 14, 13, 12, 7, 8, 6, 9, 32, 31, 36, 35, 37, 57, 56, 58, 4, 2, 1, 3, 5, 23, 24, 45, 46, 44, 30, 29, 28, 38, 43, 48, 26, 49, 39, 55, 10, 50, 47, 53, 11, 42, 40, 34, 25, 33, 20, 17, 16, 19, 18, 0]
274;379;[0, 51, 52, 41, 27, 54, 21, 22, 15, 14, 13, 12, 7, 8, 6, 9, 32, 31, 36, 35, 37, 57, 56, 58, 4, 2, 1, 3, 5, 23, 24, 45, 46, 44, 30, 29, 28, 38, 43, 48, 26, 49, 39, 55, 10, 50, 47, 53, 11, 42, 40, 34, 25, 33, 20, 17, 16, 19, 18, 0]
275;379;[0, 51, 52, 41, 27, 54, 21, 22, 15, 14, 13, 12, 7, 8, 6, 9, 32, 31, 36, 35, 37, 57, 56, 58, 4, 2, 1, 3, 5, 23, 24, 45, 46, 44, 30, 29, 28, 38, 43, 48, 26, 49, 39, 55, 10, 50, 47, 53, 11, 42, 40, 34, 25, 33, 20, 17, 16, 19, 18, 0]
276;379;[0, 51, 52, 41, 27, 54, 21, 22, 15, 14, 13, 12, 7, 8, 6, 9, 32, 31, 36, 35, 37, 57, 56, 58, 4, 2, 1, 3, 5, 23, 24, 45, 46, 44, 30, 29, 28, 38, 43, 48, 26, 49, 39, 55, 10, 50, 47, 53, 11, 42, 40, 34, 25, 33, 20, 17, 16, 19, 18, 0]
277;379;[0, 51, 52, 41, 27, 54, 21, 22, 15, 14, 13, 12, 7, 8, 6, 9, 32, 31, 36, 35, 37, 57, 56, 58, 4, 2, 1, 3, 5, 23, 24, 45, 46, 44, 30, 29, 28, 38, 43, 48, 26, 49, 39, 55, 10, 50, 47, 53, 11, 42, 40, 34, 25, 33, 20, 17, 16, 19, 18, 0]
278;379;[0, 51, 52, 41, 27, 54, 21, 22, 15, 14, 13, 12, 7, 8, 6, 9, 32, 31, 36, 35, 37, 57, 56, 58, 4, 2, 1, 3, 5, 23, 24, 45, 46, 44, 30, 29, 28, 38, 43, 48, 26, 49, 39, 55, 10, 50, 47, 53, 11, 42, 40, 34, 25, 33, 20, 17, 16, 19, 18, 0]
279;379;[0, 51, 52, 41, 27, 54, 21, 22, 15, 14, 13, 12, 7, 8, 6, 9, 32, 31, 36, 35, 37, 57, 56, 58, 4, 2, 1, 3, 5, 23, 24, 45, 46, 44, 30, 29, 28, 38, 43, 48, 26, 49, 39, 55, 10, 50, 47, 53, 11, 42, 40, 34, 25, 33, 20, 17, 16, 19, 18, 0]
280;379;[0, 51, 52, 41, 27, 54, 21, 22, 15, 14, 13, 12, 7, 8, 6, 9, 32, 31, 36, 35, 37, 57, 56, 58, 4, 2, 1, 3, 5, 23, 24, 45, 46, 44, 30, 29, 28, 38, 43, 48, 26, 49, 39, 55, 10, 50, 47, 53, 11, 42, 40, 34, 25, 33, 20, 17, 16, 19, 18, 0]
281;379;[0, 51, 52, 41, 27, 54, 21, 22, 15, 14, 13, 12, 7, 8, 6, 9, 32, 31, 36, 35, 37, 57, 56, 58, 4, 2, 1, 3, 5, 23, 24, 45, 46, 44, 30, 29, 28, 38, 43, 48, 26, 49, 39, 55, 10, 50, 47, 53, 11, 42, 40, 34, 25, 33, 20, 17, 16, 19, 18, 0]
282;379;[0, 51, 52, 41, 27, 54, 21, 22, 15, 14, 13, 12, 7, 8, 6, 9, 32, 31, 36, 35, 37, 57, 56, 58, 4, 2, 1, 3, 5, 23, 24, 45, 46, 44, 30, 29, 28, 38, 43, 48, 26, 49, 39, 55, 10, 50, 47, 53, 11, 42, 40, 34, 25, 33, 20, 17, 16, 19, 18, 0]
283;379;[0, 51, 52, 41, 27, 54, 21, 22, 15, 14, 13, 12, 7, 8, 6, 9, 32, 31, 36, 35, 37, 57, 56, 58, 4, 2, 1, 3, 5, 23, 24, 45, 46, 44, 30, 29, 28, 38, 43, 48, 26, 49, 39, 55, 10, 50, 47, 53, 11, 42, 40, 34, 25, 33, 20, 17, 16, 19, 18, 0]
284;379;[0, 51, 52, 41, 27, 54, 21, 22, 15, 14, 13, 12, 7, 8, 6, 9, 32, 31, 36, 35, 37, 57, 56, 58, 4, 2, 1, 3, 5, 23, 24, 45, 46, 44, 30, 29, 28, 38, 43, 48, 26, 49, 39, 55, 10, 50, 47, 53, 11, 42, 40, 34, 25, 33, 20, 17, 16, 19, 18, 0]
285;379;[0, 51, 52, 41, 27, 54, 21, 22, 15, 14, 13, 12, 7, 8, 6, 9, 32, 31, 36, 35, 37, 57, 56, 58, 4, 2, 1, 3, 5, 23, 24, 45, 46, 44, 30, 29, 28, 38, 43, 48, 26, 49, 39, 55, 10, 50, 47, 53, 11, 42, 40, 34, 25, 33, 20, 17, 16, 19, 18, 0]
286;379;[0, 51, 52, 41, 27, 54, 21, 22, 15, 14, 13, 12, 7, 8, 6, 9, 32, 31, 36, 35, 37, 57, 56, 58, 4, 2, 1, 3, 5, 23, 24, 45, 46, 44, 30, 29, 28, 38, 43, 48, 26, 49, 39, 55, 10, 50, 47, 53, 11, 42, 40, 34, 25, 33, 20, 17, 16, 19, 18, 0]
287;379;[0, 51, 52, 41, 27, 54, 21, 22, 15, 14, 13, 12, 7, 8, 6, 9, 32, 31, 36, 35, 37, 57, 56, 58, 4, 2, 1, 3, 5, 23, 24, 45, 46, 44, 30, 29, 28, 38, 43, 48, 26, 49, 39, 55, 10, 50, 47, 53, 11, 42, 40, 34, 25, 33, 20, 17, 16, 19, 18, 0]
288;379;[0, 51, 52, 41, 27, 54, 21, 22, 15, 14, 13, 12, 7, 8, 6, 9, 32, 31, 36, 35, 37, 57, 56, 58, 4, 2, 1, 3, 5, 23, 24, 45, 46, 44, 30, 29, 28, 38, 43, 48, 26, 49, 39, 55, 10, 50, 47, 53, 11, 42, 40, 34, 25, 33, 20, 17, 16, 19, 18, 0]
289;379;[0, 51, 52, 41, 27, 54, 21, 22, 15, 14, 13, 12, 7, 8, 6, 9, 32, 31, 36, 35, 37, 57, 56, 58, 4, 2, 1, 3, 5, 23, 24, 45, 46, 44, 30, 29, 28, 38, 43, 48, 26, 49, 39, 55, 10, 50, 47, 53, 11, 42, 40, 34, 25, 33, 20, 17, 16, 19, 18, 0]
290;379;[0, 51, 52, 41, 27, 54, 21, 22, 15, 14, 13, 12, 7, 8, 6, 9, 32, 31, 36, 35, 37, 57, 56, 58, 4, 2, 1, 3, 5, 23, 24, 45, 46, 44, 30, 29, 28, 38, 43, 48, 26, 49, 39, 55, 10, 50, 47, 53, 11, 42, 40, 34, 25, 33, 20, 17, 16, 19, 18, 0]
291;379;[0, 51, 52, 41, 27, 54, 21, 22, 15, 14, 13, 12, 7, 8, 6, 9, 32, 31, 36, 35, 37, 57, 56, 58, 4, 2, 1, 3, 5, 23, 24, 45, 46, 44, 30, 29, 28, 38, 43, 48, 26, 49, 39, 55, 10, 50, 47, 53, 11, 42, 40, 34, 25, 33, 20, 17, 16, 19, 18, 0]
292;379;[0, 51, 52, 41, 27, 54, 21, 22, 15, 14, 13, 12, 7, 8, 6, 9, 32, 31, 36, 35, 37, 57, 56, 58, 4, 2, 1, 3, 5, 23, 24, 45, 46, 44, 30, 29, 28, 38, 43, 48, 26, 49, 39, 55, 10, 50, 47, 53, 11, 42, 40, 34, 25, 33, 20, 17, 16, 19, 18, 0]
293;379;[0, 51, 52, 41, 27, 54, 21, 22, 15, 14, 13, 12, 7, 8, 6, 9, 32, 31, 36, 35, 37, 57, 56, 58, 4, 2, 1, 3, 5, 23, 24, 45, 46, 44, 30, 29, 28, 38, 43, 48, 26, 49, 39, 55, 10, 50, 47, 53, 11, 42, 40, 34, 25, 33, 20, 17, 16, 19, 18, 0]
294;379;[0, 51, 52, 41, 27, 54, 21, 22, 15, 14, 13, 12, 7, 8, 6, 9, 32, 31, 36, 35, 37, 57, 56, 58, 4, 2, 1, 3, 5, 23, 24, 45, 46, 44, 30, 29, 28, 38, 43, 48, 26, 49, 39, 55, 10, 50, 47, 53, 11, 42, 40, 34, 25, 33, 20, 17, 16, 19, 18, 0]
295;379;[0, 51, 52, 41, 27, 54, 21, 22, 15, 14, 13, 12, 7, 8, 6, 9, 32, 31, 36, 35, 37, 57, 56, 58, 4, 2, 1, 3, 5, 23, 24, 45, 46, 44, 30, 29, 28, 38, 43, 48, 26, 49, 39, 55, 10, 50, 47, 53, 11, 42, 40, 34, 25, 33, 20, 17, 16, 19, 18, 0]
296;379;[0, 51, 52, 41, 27, 54, 21, 22, 15, 14, 13, 12, 7, 8, 6, 9, 32, 31, 36, 35, 37, 57, 56, 58, 4, 2, 1, 3, 5, 23, 24, 45, 46, 44, 30, 29, 28, 38, 43, 48, 26, 49, 39, 55, 10, 50, 47, 53, 11, 42, 40, 34, 25, 33, 20, 17, 16, 19, 18, 0]
297;379;[0, 51, 52, 41, 27, 54, 21, 22, 15, 14, 13, 12, 7, 8, 6, 9, 32, 31, 36, 35, 37, 57, 56, 58, 4, 2, 1, 3, 5, 23, 24, 45, 46, 44, 30, 29, 28, 38, 43, 48, 26, 49, 39, 55, 10, 50, 47, 53, 11, 42, 40, 34, 25, 33, 20, 17, 16, 19, 18, 0]
298;379;[0, 51, 52, 41, 27, 54, 21, 22, 15, 14, 13, 12, 7, 8, 6, 9, 32, 31, 36, 35, 37, 57, 56, 58, 4, 2, 1, 3, 5, 23, 24, 45, 46, 44, 30, 29, 28, 38, 43, 48, 26, 49, 39, 55, 10, 50, 47, 53, 11, 42, 40, 34, 25, 33, 20, 17, 16, 19, 18, 0]
299;379;[0, 51, 52, 41, 27, 54, 21, 22, 15, 14, 13, 12, 7, 8, 6, 9, 32, 31, 36, 35, 37, 57, 56, 58, 4, 2, 1, 3, 5, 23, 24, 45, 46, 44, 30, 29, 28, 38, 43, 48, 26, 49, 39, 55, 10, 50, 47, 53, 11, 42, 40, 34, 25, 33, 20, 17, 16, 19, 18, 0]
