0;361;[0, 30, 29, 28, 38, 43, 48, 26, 49, 39, 55, 10, 50, 47, 53, 25, 34, 40, 42, 11, 33, 20, 19, 17, 16, 18, 27, 54, 41, 52, 51, 22, 21, 14, 15, 13, 12, 7, 8, 6, 9, 32, 31, 57, 37, 35, 36, 58, 56, 4, 3, 1, 2, 5, 24, 23, 45, 46, 44, 0]
1;371;[0, 30, 29, 28, 34, 40, 42, 11, 25, 53, 33, 47, 50, 10, 55, 39, 49, 26, 48, 43, 38, 24, 23, 5, 2, 1, 3, 4, 56, 58, 36, 35, 37, 57, 31, 32, 9, 6, 8, 7, 12, 13, 15, 14, 21, 22, 51, 52, 41, 54, 27, 18, 20, 19, 17, 16, 45, 46, 44, 0]
2;362;[0, 26, 48, 43, 38, 24, 23, 16, 17, 19, 20, 18, 27, 54, 41, 52, 51, 22, 21, 14, 15, 13, 12, 7, 8, 6, 9, 32, 31, 37, 35, 36, 57, 56, 58, 4, 2, 1, 3, 5, 45, 46, 44, 30, 29, 28, 33, 11, 42, 40, 34, 25, 53, 47, 50, 10, 55, 39, 49, 0]
3;381;[0, 30, 29, 28, 48, 43, 38, 26, 49, 39, 55, 10, 50, 47, 53, 25, 34, 40, 42, 11, 33, 20, 19, 17, 16, 18, 37, 36, 35, 57, 31, 32, 14, 21, 22, 51, 52, 41, 54, 27, 15, 13, 12, 7, 8, 6, 9, 58, 56, 4, 3, 1, 2, 5, 24, 23, 45, 46, 44, 0]
4;361;[0, 30, 29, 28, 38, 43, 48, 26, 49, 39, 55, 10, 50, 47, 53, 25, 34, 40, 42, 11, 33, 20, 19, 17, 16, 18, 27, 54, 41, 52, 51, 22, 21, 14, 15, 13, 12, 7, 8, 6, 9, 32, 31, 57, 37, 35, 36, 58, 56, 4, 3, 1, 2, 5, 24, 23, 45, 46, 44, 0]
5;364;[0, 30, 29, 33, 11, 42, 40, 34, 25, 53, 47, 50, 10, 55, 39, 49, 26, 48, 43, 38, 44, 46, 45, 23, 24, 1, 3, 2, 5, 4, 56, 58, 36, 35, 37, 57, 31, 32, 9, 6, 8, 7, 12, 13, 15, 14, 21, 22, 51, 52, 41, 54, 27, 18, 16, 17, 19, 20, 28, 0]
6;361;[0, 30, 29, 28, 38, 43, 48, 26, 49, 39, 55, 10, 50, 47, 53, 25, 34, 40, 42, 11, 33, 20, 19, 17, 16, 18, 27, 54, 41, 52, 51, 22, 21, 14, 15, 13, 12, 7, 8, 6, 9, 31, 32, 57, 37, 35, 36, 58, 56, 4, 3, 1, 2, 5, 24, 23, 45, 46, 44, 0]
7;362;[0, 30, 29, 28, 33, 11, 42, 40, 34, 25, 53, 47, 50, 10, 55, 39, 49, 26, 48, 43, 38, 44, 46, 45, 23, 24, 5, 3, 1, 2, 4, 56, 58, 36, 35, 37, 57, 31, 32, 9, 6, 8, 7, 12, 13, 15, 14, 21, 22, 51, 52, 41, 54, 27, 18, 16, 17, 19, 20, 0]
8;362;[0, 30, 29, 28, 38, 43, 48, 26, 49, 39, 55, 10, 50, 47, 53, 25, 34, 40, 42, 11, 33, 20, 19, 17, 16, 18, 27, 54, 41, 52, 51, 22, 21, 14, 15, 13, 12, 7, 8, 6, 9, 32, 31, 57, 37, 35, 36, 58, 56, 4, 5, 2, 3, 1, 24, 23, 45, 46, 44, 0]
9;378;[0, 30, 29, 28, 39, 34, 40, 42, 11, 25, 53, 33, 47, 50, 10, 55, 49, 26, 48, 43, 38, 24, 23, 16, 17, 19, 20, 18, 27, 54, 41, 52, 51, 22, 21, 14, 15, 13, 12, 7, 8, 6, 9, 32, 31, 57, 37, 35, 36, 58, 56, 4, 3, 1, 2, 5, 45, 46, 44, 0]
10;365;[0, 30, 29, 28, 48, 43, 38, 26, 49, 39, 55, 10, 50, 47, 25, 34, 40, 42, 11, 53, 33, 20, 19, 17, 16, 18, 27, 54, 41, 52, 51, 22, 21, 14, 15, 13, 12, 7, 8, 6, 9, 32, 31, 57, 37, 35, 36, 58, 56, 4, 3, 1, 2, 5, 24, 23, 45, 46, 44, 0]
11;377;[0, 30, 29, 28, 34, 40, 42, 25, 53, 11, 33, 47, 50, 10, 55, 39, 49, 26, 48, 43, 38, 36, 35, 37, 58, 56, 57, 31, 32, 9, 6, 8, 7, 12, 13, 15, 14, 21, 22, 51, 52, 41, 54, 27, 18, 20, 19, 17, 16, 1, 3, 4, 2, 5, 24, 23, 45, 46, 44, 0]
12;361;[0, 30, 29, 28, 38, 43, 48, 26, 49, 39, 55, 10, 50, 47, 53, 25, 34, 40, 42, 11, 33, 20, 19, 17, 16, 18, 27, 54, 41, 52, 51, 22, 21, 14, 15, 13, 12, 7, 8, 6, 9, 32, 31, 57, 37, 35, 36, 58, 56, 4, 3, 1, 2, 5, 24, 23, 45, 46, 44, 0]
13;362;[0, 30, 29, 28, 33, 11, 42, 40, 34, 25, 53, 47, 50, 10, 55, 39, 49, 26, 48, 43, 38, 44, 46, 45, 23, 24, 5, 3, 1, 2, 4, 56, 58, 36, 35, 37, 57, 31, 32, 9, 6, 8, 7, 12, 13, 15, 14, 21, 22, 51, 52, 41, 54, 27, 18, 16, 17, 19, 20, 0]
14;365;[0, 30, 29, 28, 33, 11, 42, 40, 34, 25, 53, 47, 50, 10, 55, 39, 49, 26, 48, 43, 38, 24, 23, 5, 2, 1, 3, 4, 56, 58, 36, 35, 37, 57, 31, 32, 9, 6, 8, 7, 12, 13, 15, 14, 21, 22, 51, 52, 41, 54, 27, 18, 16, 17, 19, 20, 44, 46, 45, 0]
15;362;[0, 19, 20, 30, 29, 28, 33, 11, 42, 40, 34, 25, 53, 47, 50, 10, 55, 39, 49, 26, 48, 43, 38, 44, 46, 45, 23, 24, 5, 2, 1, 3, 4, 56, 58, 36, 35, 37, 57, 31, 32, 9, 6, 8, 7, 12, 13, 15, 14, 21, 22, 51, 52, 41, 54, 27, 18, 16, 17, 0]
16;361;[0, 30, 29, 28, 33, 11, 42, 40, 34, 25, 53, 47, 50, 10, 55, 39, 49, 26, 48, 43, 38, 44, 46, 45, 23, 24, 5, 2, 1, 3, 4, 56, 58, 57, 35, 36, 37, 31, 32, 9, 6, 8, 7, 12, 13, 15, 14, 21, 22, 51, 52, 41, 54, 27, 18, 17, 16, 19, 20, 0]
17;360;[0, 30, 29, 28, 38, 43, 48, 26, 49, 39, 55, 10, 50, 47, 53, 25, 34, 40, 42, 11, 33, 20, 19, 17, 16, 18, 27, 54, 41, 52, 51, 22, 21, 14, 15, 13, 12, 7, 8, 6, 9, 32, 31, 57, 35, 36, 37, 58, 56, 4, 3, 1, 2, 5, 24, 23, 45, 46, 44, 0]
18;360;[0, 30, 29, 28, 48, 38, 43, 26, 49, 39, 55, 10, 50, 47, 53, 25, 34, 40, 42, 11, 33, 20, 19, 17, 16, 18, 27, 54, 41, 52, 51, 22, 21, 14, 15, 13, 12, 7, 8, 6, 9, 32, 31, 57, 35, 36, 37, 58, 56, 4, 3, 1, 2, 5, 24, 23, 45, 46, 44, 0]
19;367;[0, 30, 44, 46, 45, 23, 24, 51, 52, 41, 54, 27, 22, 21, 14, 15, 13, 12, 7, 8, 6, 9, 32, 31, 57, 35, 36, 37, 58, 56, 4, 3, 1, 2, 5, 38, 43, 48, 26, 49, 39, 55, 10, 50, 47, 53, 25, 34, 40, 42, 11, 33, 20, 19, 17, 16, 18, 28, 29, 0]
20;362;[0, 30, 29, 28, 33, 11, 42, 40, 34, 25, 53, 47, 50, 10, 55, 39, 49, 26, 48, 43, 38, 24, 23, 16, 17, 19, 20, 18, 27, 54, 41, 52, 51, 22, 21, 14, 15, 13, 12, 7, 8, 6, 9, 32, 31, 57, 37, 35, 36, 58, 56, 4, 3, 1, 2, 5, 45, 46, 44, 0]
21;361;[0, 30, 29, 28, 38, 43, 48, 26, 49, 39, 55, 10, 50, 47, 53, 25, 34, 40, 42, 11, 33, 20, 19, 17, 16, 18, 27, 54, 41, 52, 51, 22, 21, 14, 15, 13, 12, 7, 8, 6, 9, 32, 31, 37, 36, 35, 57, 58, 56, 4, 3, 1, 2, 5, 24, 23, 45, 46, 44, 0]
22;362;[0, 30, 29, 28, 33, 11, 42, 40, 34, 25, 53, 47, 50, 10, 55, 39, 49, 26, 48, 43, 38, 24, 23, 16, 17, 19, 20, 18, 27, 54, 41, 52, 51, 22, 21, 14, 15, 13, 12, 7, 8, 6, 9, 31, 32, 57, 37, 35, 36, 58, 56, 4, 3, 5, 2, 1, 45, 46, 44, 0]
23;362;[0, 30, 29, 28, 33, 11, 42, 40, 34, 25, 53, 47, 50, 10, 55, 39, 49, 26, 48, 43, 38, 44, 46, 45, 23, 24, 5, 3, 1, 2, 4, 56, 58, 37, 36, 35, 57, 31, 32, 9, 6, 8, 7, 12, 13, 15, 14, 21, 22, 51, 52, 41, 54, 27, 18, 16, 17, 19, 20, 0]
24;360;[0, 30, 29, 28, 38, 43, 48, 26, 49, 39, 55, 10, 50, 47, 53, 25, 34, 40, 42, 11, 33, 20, 19, 17, 16, 18, 27, 54, 41, 52, 51, 22, 21, 14, 15, 13, 12, 7, 8, 6, 9, 32, 31, 57, 35, 36, 37, 58, 56, 4, 3, 1, 2, 5, 24, 23, 45, 46, 44, 0]
25;361;[0, 30, 29, 28, 48, 43, 38, 26, 49, 39, 55, 10, 50, 47, 53, 25, 34, 40, 42, 11, 33, 20, 19, 17, 16, 18, 27, 54, 41, 52, 51, 22, 21, 14, 15, 13, 12, 7, 8, 6, 9, 32, 31, 57, 37, 35, 36, 56, 58, 4, 3, 1, 2, 5, 24, 23, 45, 46, 44, 0]
26;361;[0, 30, 29, 28, 33, 11, 42, 40, 34, 25, 53, 47, 50, 10, 55, 39, 49, 26, 48, 43, 38, 24, 23, 16, 17, 19, 20, 18, 27, 54, 41, 52, 51, 22, 21, 14, 15, 13, 12, 7, 8, 6, 9, 32, 31, 57, 35, 36, 37, 58, 56, 4, 3, 1, 2, 5, 45, 46, 44, 0]
27;361;[0, 30, 29, 28, 38, 43, 48, 26, 49, 39, 55, 10, 50, 47, 53, 25, 34, 40, 42, 11, 33, 20, 19, 17, 16, 18, 27, 54, 41, 52, 51, 22, 21, 14, 15, 13, 12, 7, 8, 6, 9, 31, 32, 37, 36, 35, 57, 58, 56, 4, 3, 1, 2, 5, 24, 23, 45, 46, 44, 0]
28;365;[0, 30, 29, 28, 33, 53, 11, 42, 40, 34, 25, 47, 50, 10, 55, 39, 49, 26, 48, 43, 38, 44, 46, 45, 23, 24, 5, 2, 1, 3, 4, 56, 58, 37, 36, 35, 57, 31, 32, 9, 6, 8, 7, 12, 13, 15, 14, 21, 22, 51, 52, 41, 54, 27, 18, 16, 17, 19, 20, 0]
29;365;[0, 30, 29, 28, 33, 11, 42, 40, 34, 25, 53, 47, 50, 10, 55, 39, 49, 26, 48, 43, 38, 24, 23, 5, 3, 1, 2, 4, 56, 58, 37, 36, 35, 57, 31, 32, 9, 6, 8, 7, 12, 13, 15, 14, 21, 22, 51, 52, 41, 54, 27, 18, 20, 19, 17, 16, 45, 46, 44, 0]
30;366;[0, 30, 44, 45, 46, 29, 33, 11, 42, 40, 34, 25, 53, 47, 50, 10, 55, 39, 49, 26, 48, 43, 38, 24, 23, 5, 2, 1, 3, 4, 56, 58, 37, 36, 35, 57, 31, 32, 9, 6, 8, 7, 12, 13, 15, 14, 21, 22, 51, 52, 41, 54, 27, 18, 16, 17, 19, 20, 28, 0]
31;376;[0, 30, 29, 28, 40, 42, 34, 25, 53, 11, 33, 47, 50, 10, 55, 39, 49, 26, 48, 43, 38, 44, 46, 45, 23, 24, 5, 2, 1, 3, 4, 56, 58, 37, 36, 35, 57, 31, 32, 9, 6, 8, 7, 12, 13, 15, 14, 21, 22, 51, 52, 41, 54, 27, 18, 16, 17, 19, 20, 0]
32;362;[0, 30, 29, 28, 38, 43, 48, 26, 49, 39, 55, 10, 50, 47, 53, 25, 34, 40, 42, 11, 33, 20, 19, 17, 16, 18, 27, 54, 41, 52, 51, 22, 21, 14, 15, 13, 12, 7, 8, 6, 9, 31, 32, 37, 36, 35, 57, 58, 56, 4, 5, 2, 3, 1, 24, 23, 45, 46, 44, 0]
33;361;[0, 30, 29, 28, 33, 11, 42, 40, 34, 25, 53, 47, 50, 10, 55, 39, 49, 26, 48, 43, 38, 24, 23, 16, 17, 19, 20, 18, 27, 54, 41, 52, 51, 22, 21, 14, 15, 13, 12, 7, 8, 6, 9, 32, 31, 57, 35, 36, 37, 58, 56, 4, 3, 1, 2, 5, 45, 46, 44, 0]
34;360;[0, 30, 29, 28, 38, 43, 48, 26, 49, 39, 55, 10, 50, 47, 53, 25, 34, 40, 42, 11, 33, 20, 19, 17, 16, 18, 27, 54, 41, 52, 51, 22, 21, 14, 15, 13, 12, 7, 8, 6, 9, 32, 31, 57, 35, 36, 37, 58, 56, 4, 3, 1, 2, 5, 24, 23, 45, 46, 44, 0]
35;361;[0, 30, 29, 28, 33, 11, 42, 40, 34, 25, 53, 47, 50, 10, 55, 39, 49, 26, 48, 43, 38, 24, 23, 16, 17, 19, 20, 18, 27, 54, 41, 52, 51, 22, 21, 14, 15, 13, 12, 7, 8, 6, 9, 32, 31, 57, 35, 36, 37, 58, 56, 4, 5, 2, 3, 1, 45, 46, 44, 0]
36;362;[0, 30, 29, 28, 33, 11, 42, 40, 34, 25, 53, 47, 50, 10, 55, 39, 49, 26, 48, 43, 38, 24, 23, 16, 17, 19, 20, 18, 27, 54, 41, 52, 51, 22, 21, 14, 15, 13, 12, 7, 8, 6, 9, 32, 31, 57, 37, 35, 36, 58, 56, 4, 3, 5, 2, 1, 45, 46, 44, 0]
37;365;[0, 30, 29, 28, 33, 11, 42, 40, 34, 25, 53, 47, 50, 10, 55, 39, 49, 26, 48, 43, 38, 24, 23, 5, 2, 1, 3, 4, 56, 58, 37, 36, 35, 57, 31, 32, 9, 6, 8, 7, 12, 13, 15, 14, 21, 22, 51, 52, 41, 54, 27, 18, 17, 16, 19, 20, 44, 46, 45, 0]
38;365;[0, 30, 29, 28, 33, 11, 42, 40, 34, 25, 53, 47, 50, 10, 55, 39, 49, 26, 48, 43, 38, 24, 23, 5, 3, 1, 2, 4, 56, 58, 37, 36, 35, 57, 31, 32, 9, 6, 8, 7, 12, 13, 15, 14, 21, 22, 51, 52, 41, 54, 27, 18, 16, 17, 19, 20, 46, 45, 44, 0]
39;371;[0, 30, 29, 28, 33, 11, 42, 40, 34, 25, 53, 47, 50, 10, 55, 39, 49, 26, 48, 43, 38, 36, 35, 37, 58, 56, 57, 31, 32, 9, 6, 8, 7, 12, 13, 15, 14, 21, 22, 51, 52, 41, 54, 27, 18, 20, 19, 17, 16, 1, 3, 4, 2, 5, 24, 23, 45, 46, 44, 0]
40;360;[0, 30, 29, 28, 38, 43, 48, 26, 49, 39, 55, 10, 50, 47, 53, 25, 34, 40, 42, 11, 33, 20, 19, 17, 16, 18, 27, 54, 41, 52, 51, 22, 21, 14, 15, 13, 12, 7, 8, 6, 9, 32, 31, 57, 35, 36, 37, 58, 56, 4, 3, 1, 2, 5, 24, 23, 45, 46, 44, 0]
41;385;[0, 30, 29, 28, 33, 11, 42, 40, 34, 25, 53, 47, 50, 10, 55, 39, 49, 26, 48, 43, 38, 24, 23, 37, 36, 35, 57, 31, 32, 9, 6, 8, 7, 14, 21, 22, 51, 52, 41, 54, 27, 15, 12, 13, 58, 56, 4, 5, 2, 1, 3, 18, 20, 19, 17, 16, 45, 46, 44, 0]
42;365;[0, 30, 29, 28, 33, 11, 42, 40, 34, 25, 53, 47, 50, 10, 55, 39, 49, 26, 48, 43, 38, 24, 23, 5, 2, 1, 3, 4, 58, 56, 36, 35, 37, 57, 31, 32, 9, 6, 8, 7, 12, 13, 15, 14, 21, 22, 51, 52, 41, 54, 27, 18, 20, 19, 17, 16, 45, 46, 44, 0]
43;361;[0, 30, 29, 28, 33, 11, 42, 40, 34, 25, 53, 47, 50, 10, 55, 39, 49, 26, 48, 43, 38, 44, 46, 45, 23, 24, 5, 2, 1, 3, 4, 56, 58, 57, 35, 36, 37, 31, 32, 9, 6, 8, 7, 12, 13, 15, 14, 21, 22, 51, 52, 41, 54, 27, 18, 16, 17, 19, 20, 0]
44;365;[0, 30, 29, 28, 20, 19, 17, 16, 18, 27, 54, 41, 52, 51, 22, 21, 14, 15, 13, 12, 7, 8, 6, 9, 32, 31, 57, 35, 36, 37, 58, 56, 4, 5, 2, 3, 1, 24, 23, 25, 53, 34, 40, 42, 11, 33, 47, 50, 10, 55, 39, 49, 26, 48, 43, 38, 45, 46, 44, 0]
45;365;[0, 30, 29, 28, 33, 11, 42, 40, 34, 25, 53, 47, 50, 10, 55, 39, 49, 26, 48, 43, 38, 24, 23, 5, 2, 1, 3, 4, 58, 56, 36, 35, 37, 57, 31, 32, 9, 6, 8, 7, 12, 13, 15, 14, 21, 22, 51, 52, 41, 54, 27, 18, 16, 17, 19, 20, 44, 46, 45, 0]
46;371;[0, 30, 29, 28, 34, 40, 42, 53, 25, 11, 33, 47, 50, 10, 55, 39, 49, 26, 48, 43, 38, 24, 23, 5, 2, 1, 3, 4, 56, 58, 37, 36, 35, 57, 31, 32, 9, 6, 8, 7, 12, 13, 15, 14, 21, 22, 51, 52, 41, 54, 27, 18, 20, 19, 17, 16, 45, 46, 44, 0]
47;372;[0, 30, 29, 28, 39, 33, 11, 42, 40, 34, 25, 53, 47, 50, 10, 55, 49, 26, 48, 43, 38, 44, 46, 45, 23, 24, 5, 3, 1, 2, 4, 56, 58, 36, 35, 37, 57, 31, 32, 9, 6, 8, 7, 12, 13, 15, 14, 21, 22, 51, 52, 41, 54, 27, 18, 16, 17, 19, 20, 0]
48;366;[0, 30, 29, 28, 16, 17, 18, 19, 20, 33, 11, 42, 40, 34, 25, 53, 47, 50, 10, 55, 39, 49, 26, 48, 43, 38, 23, 24, 51, 52, 41, 54, 27, 22, 21, 14, 15, 13, 12, 7, 8, 6, 9, 32, 31, 57, 35, 36, 37, 58, 56, 4, 3, 1, 2, 5, 45, 46, 44, 0]
49;361;[0, 30, 29, 28, 38, 43, 48, 26, 49, 39, 55, 10, 50, 47, 53, 25, 34, 40, 42, 11, 33, 20, 19, 17, 16, 18, 27, 54, 41, 52, 51, 22, 21, 14, 15, 13, 12, 7, 8, 6, 9, 32, 31, 57, 35, 36, 37, 58, 56, 4, 5, 2, 3, 1, 24, 23, 45, 46, 44, 0]
50;367;[0, 30, 29, 28, 20, 19, 17, 16, 18, 27, 54, 41, 52, 51, 22, 21, 14, 15, 13, 12, 7, 8, 6, 9, 32, 31, 57, 37, 35, 36, 58, 56, 4, 3, 1, 2, 5, 24, 23, 25, 34, 40, 42, 11, 53, 33, 47, 50, 10, 55, 39, 49, 26, 48, 43, 38, 45, 46, 44, 0]
51;362;[0, 30, 29, 28, 33, 11, 42, 40, 34, 25, 53, 47, 50, 10, 55, 39, 49, 26, 48, 43, 38, 44, 46, 45, 23, 24, 5, 2, 1, 3, 4, 56, 58, 37, 36, 35, 57, 31, 32, 9, 6, 8, 7, 12, 13, 15, 14, 21, 22, 51, 52, 41, 54, 27, 18, 16, 17, 19, 20, 0]
52;365;[0, 30, 29, 28, 33, 11, 42, 40, 34, 25, 53, 47, 50, 10, 55, 39, 49, 26, 48, 43, 38, 24, 23, 5, 2, 1, 3, 4, 58, 56, 36, 35, 37, 57, 31, 32, 9, 6, 8, 7, 12, 13, 15, 14, 21, 22, 51, 52, 41, 54, 27, 18, 20, 19, 17, 16, 45, 46, 44, 0]
53;362;[0, 30, 29, 28, 33, 11, 42, 40, 34, 25, 53, 47, 50, 10, 55, 39, 49, 26, 48, 43, 38, 24, 23, 16, 17, 20, 19, 18, 27, 54, 41, 52, 51, 22, 21, 14, 15, 13, 12, 7, 8, 6, 9, 32, 31, 57, 35, 36, 37, 58, 56, 4, 3, 1, 2, 5, 45, 46, 44, 0]
54;364;[0, 30, 29, 28, 48, 43, 38, 26, 49, 39, 55, 10, 50, 47, 25, 34, 40, 42, 11, 53, 33, 20, 19, 17, 16, 18, 27, 54, 41, 52, 51, 22, 21, 14, 15, 13, 12, 7, 8, 6, 9, 32, 31, 57, 35, 36, 37, 58, 56, 4, 3, 1, 2, 5, 24, 23, 45, 46, 44, 0]
55;365;[0, 30, 29, 28, 33, 11, 42, 40, 34, 25, 53, 47, 50, 10, 55, 39, 49, 26, 48, 43, 38, 24, 23, 5, 2, 1, 3, 4, 56, 58, 37, 36, 35, 57, 31, 32, 9, 6, 8, 7, 12, 13, 15, 14, 21, 22, 51, 52, 41, 54, 27, 18, 20, 19, 17, 16, 45, 46, 44, 0]
56;361;[0, 30, 29, 28, 33, 11, 42, 40, 34, 25, 53, 47, 50, 10, 55, 39, 49, 26, 48, 43, 38, 24, 23, 16, 17, 19, 20, 18, 27, 54, 41, 52, 51, 22, 21, 14, 15, 13, 12, 7, 8, 6, 9, 32, 31, 57, 35, 36, 37, 58, 56, 4, 3, 1, 2, 5, 45, 46, 44, 0]
57;365;[0, 30, 29, 28, 33, 11, 42, 40, 34, 25, 53, 47, 50, 10, 55, 39, 49, 26, 48, 43, 38, 24, 23, 5, 2, 1, 3, 4, 56, 58, 37, 36, 35, 57, 31, 32, 9, 6, 8, 7, 12, 13, 15, 14, 21, 22, 51, 52, 41, 54, 27, 18, 16, 17, 19, 20, 44, 46, 45, 0]
58;367;[0, 30, 29, 28, 34, 40, 42, 11, 25, 53, 33, 47, 50, 10, 55, 39, 49, 26, 48, 43, 38, 24, 23, 16, 17, 19, 20, 18, 27, 54, 41, 52, 51, 22, 21, 14, 15, 13, 12, 7, 8, 6, 9, 32, 31, 57, 35, 36, 37, 58, 56, 4, 3, 1, 2, 5, 45, 46, 44, 0]
59;366;[0, 30, 29, 28, 18, 16, 17, 19, 20, 33, 11, 42, 40, 34, 25, 53, 47, 50, 10, 55, 39, 49, 26, 48, 43, 38, 23, 24, 51, 52, 41, 54, 27, 22, 21, 14, 15, 13, 12, 7, 8, 6, 9, 32, 31, 57, 35, 36, 37, 58, 56, 4, 3, 1, 2, 5, 45, 46, 44, 0]
60;360;[0, 30, 29, 28, 38, 43, 48, 26, 49, 39, 55, 10, 50, 47, 53, 25, 34, 40, 42, 11, 33, 20, 19, 17, 16, 18, 27, 54, 41, 52, 51, 22, 21, 14, 15, 13, 12, 7, 8, 6, 9, 32, 31, 57, 35, 36, 37, 58, 56, 4, 3, 1, 2, 5, 24, 23, 45, 46, 44, 0]
61;377;[0, 30, 29, 28, 17, 16, 18, 19, 20, 33, 11, 42, 40, 34, 25, 53, 47, 50, 10, 55, 39, 49, 26, 48, 43, 38, 36, 35, 37, 12, 13, 14, 21, 22, 51, 52, 41, 54, 27, 15, 7, 8, 6, 9, 32, 31, 57, 56, 58, 4, 3, 1, 2, 5, 24, 23, 45, 46, 44, 0]
62;360;[0, 30, 29, 28, 48, 43, 38, 26, 49, 39, 55, 10, 50, 47, 53, 25, 34, 40, 42, 11, 33, 20, 19, 17, 16, 18, 27, 54, 41, 52, 51, 22, 21, 14, 15, 13, 12, 7, 8, 6, 9, 32, 31, 57, 35, 36, 37, 58, 56, 4, 3, 1, 2, 5, 24, 23, 45, 46, 44, 0]
63;364;[0, 30, 29, 28, 33, 11, 42, 40, 34, 25, 53, 47, 50, 10, 55, 39, 49, 26, 48, 43, 38, 24, 23, 5, 3, 1, 2, 4, 56, 58, 57, 35, 36, 37, 31, 32, 9, 6, 8, 7, 12, 13, 15, 14, 21, 22, 51, 52, 41, 54, 27, 18, 20, 19, 17, 16, 45, 46, 44, 0]
64;365;[0, 30, 29, 28, 33, 11, 42, 40, 34, 25, 53, 47, 50, 10, 55, 39, 49, 26, 48, 43, 38, 24, 23, 5, 2, 1, 3, 4, 56, 58, 37, 36, 35, 57, 31, 32, 9, 6, 8, 7, 12, 13, 15, 14, 21, 22, 51, 52, 41, 54, 27, 18, 20, 19, 17, 16, 45, 46, 44, 0]
65;360;[0, 30, 29, 28, 38, 43, 48, 26, 49, 39, 55, 10, 50, 47, 53, 25, 34, 40, 42, 11, 33, 20, 19, 17, 16, 18, 27, 54, 41, 52, 51, 22, 21, 14, 15, 13, 12, 7, 8, 6, 9, 32, 31, 57, 35, 36, 37, 58, 56, 4, 3, 1, 2, 5, 24, 23, 45, 46, 44, 0]
66;361;[0, 30, 29, 28, 38, 43, 48, 26, 49, 39, 55, 10, 50, 47, 53, 25, 34, 40, 42, 11, 33, 20, 19, 17, 16, 18, 27, 54, 41, 52, 51, 22, 21, 14, 15, 13, 12, 7, 8, 6, 9, 32, 31, 37, 36, 35, 57, 56, 58, 4, 3, 1, 2, 5, 24, 23, 45, 46, 44, 0]
67;385;[0, 30, 29, 28, 33, 11, 42, 40, 34, 25, 53, 47, 50, 10, 55, 39, 49, 26, 48, 43, 38, 44, 46, 45, 23, 24, 5, 2, 56, 58, 37, 36, 35, 57, 31, 9, 15, 27, 54, 41, 52, 51, 22, 21, 14, 13, 12, 7, 8, 6, 32, 4, 3, 1, 16, 17, 19, 20, 18, 0]
68;365;[0, 30, 29, 28, 33, 11, 42, 40, 34, 25, 53, 47, 50, 10, 55, 39, 49, 26, 48, 43, 38, 24, 23, 5, 2, 1, 3, 4, 56, 58, 37, 36, 35, 57, 31, 32, 9, 6, 8, 7, 13, 12, 15, 14, 21, 22, 51, 52, 41, 54, 27, 18, 20, 19, 17, 16, 45, 46, 44, 0]
69;366;[0, 30, 29, 33, 11, 42, 40, 34, 25, 53, 47, 50, 10, 55, 39, 49, 26, 48, 43, 38, 24, 23, 5, 2, 1, 3, 4, 56, 58, 37, 36, 35, 57, 31, 32, 9, 6, 8, 7, 12, 13, 15, 14, 21, 22, 51, 52, 41, 54, 27, 18, 16, 17, 19, 20, 28, 44, 46, 45, 0]
70;385;[0, 30, 29, 28, 33, 11, 42, 40, 34, 25, 53, 47, 50, 10, 55, 39, 49, 26, 48, 43, 38, 44, 46, 45, 24, 23, 5, 3, 56, 58, 37, 36, 35, 57, 31, 8, 15, 27, 54, 41, 52, 51, 22, 21, 14, 13, 12, 7, 6, 9, 32, 4, 2, 1, 16, 17, 19, 20, 18, 0]
71;362;[0, 30, 29, 28, 33, 11, 42, 40, 34, 25, 53, 47, 50, 10, 55, 39, 49, 26, 48, 43, 38, 44, 46, 45, 23, 24, 5, 2, 1, 3, 4, 56, 58, 37, 36, 35, 57, 31, 32, 9, 6, 8, 7, 13, 12, 15, 14, 21, 22, 51, 52, 41, 54, 27, 18, 16, 17, 19, 20, 0]
72;365;[0, 30, 29, 28, 33, 11, 42, 40, 34, 25, 53, 47, 50, 10, 55, 39, 49, 26, 48, 43, 38, 24, 23, 5, 2, 1, 3, 4, 56, 58, 37, 36, 35, 57, 31, 32, 9, 6, 8, 7, 12, 13, 15, 14, 21, 22, 51, 52, 41, 54, 27, 18, 20, 19, 17, 16, 45, 46, 44, 0]
73;371;[0, 30, 29, 28, 33, 11, 42, 40, 34, 25, 53, 47, 50, 10, 55, 39, 49, 26, 48, 43, 38, 36, 35, 37, 58, 56, 57, 31, 32, 9, 6, 8, 7, 12, 13, 15, 14, 21, 22, 51, 52, 41, 54, 27, 18, 20, 19, 17, 16, 1, 3, 4, 2, 5, 24, 23, 45, 46, 44, 0]
74;365;[0, 30, 29, 28, 33, 11, 42, 40, 34, 25, 53, 47, 50, 10, 55, 39, 49, 26, 48, 43, 38, 24, 23, 5, 2, 1, 3, 4, 56, 58, 37, 36, 35, 57, 31, 32, 9, 6, 8, 7, 12, 13, 15, 14, 21, 22, 51, 52, 41, 54, 27, 18, 20, 19, 17, 16, 45, 46, 44, 0]
75;380;[0, 30, 29, 28, 18, 16, 17, 19, 20, 33, 11, 42, 40, 34, 25, 53, 47, 50, 10, 55, 39, 49, 26, 48, 43, 38, 37, 36, 35, 57, 31, 32, 9, 6, 8, 7, 14, 21, 22, 51, 52, 41, 54, 27, 15, 13, 12, 58, 56, 4, 3, 1, 2, 5, 24, 23, 45, 46, 44, 0]
76;362;[0, 30, 29, 28, 33, 11, 42, 40, 34, 25, 53, 47, 50, 10, 55, 39, 49, 26, 48, 43, 38, 44, 46, 45, 23, 24, 5, 2, 1, 3, 4, 56, 58, 37, 36, 35, 57, 31, 32, 9, 6, 8, 7, 12, 13, 15, 14, 21, 22, 51, 52, 41, 54, 27, 18, 16, 17, 19, 20, 0]
77;366;[0, 30, 29, 33, 11, 42, 40, 34, 25, 53, 47, 50, 10, 55, 39, 49, 26, 48, 43, 38, 24, 23, 5, 2, 1, 3, 4, 56, 58, 37, 36, 35, 57, 31, 32, 9, 6, 8, 7, 12, 13, 15, 14, 21, 22, 51, 52, 41, 54, 27, 18, 16, 17, 19, 20, 28, 44, 46, 45, 0]
78;360;[0, 30, 29, 28, 38, 43, 48, 26, 49, 39, 55, 10, 50, 47, 53, 25, 34, 40, 42, 11, 33, 20, 19, 17, 16, 18, 27, 54, 41, 52, 51, 22, 21, 14, 15, 13, 12, 7, 8, 6, 9, 32, 31, 57, 35, 36, 37, 58, 56, 4, 3, 1, 2, 5, 24, 23, 45, 46, 44, 0]
79;361;[0, 30, 29, 28, 33, 11, 42, 40, 34, 25, 53, 47, 50, 10, 55, 39, 49, 26, 48, 43, 38, 24, 23, 16, 17, 19, 20, 18, 27, 54, 41, 52, 51, 22, 21, 14, 15, 13, 12, 7, 8, 6, 9, 32, 31, 57, 35, 36, 37, 58, 56, 4, 3, 1, 2, 5, 45, 46, 44, 0]
80;371;[0, 30, 29, 28, 39, 33, 11, 42, 40, 34, 25, 53, 47, 50, 10, 55, 49, 26, 48, 43, 38, 24, 23, 16, 17, 19, 20, 18, 27, 54, 41, 52, 51, 22, 21, 14, 15, 13, 12, 7, 8, 6, 9, 32, 31, 57, 35, 36, 37, 58, 56, 4, 3, 1, 2, 5, 45, 46, 44, 0]
81;362;[0, 30, 29, 28, 33, 11, 42, 40, 34, 25, 53, 47, 50, 10, 55, 39, 49, 26, 48, 43, 38, 44, 46, 45, 23, 24, 5, 2, 1, 3, 4, 56, 58, 37, 36, 35, 57, 31, 32, 9, 6, 8, 7, 12, 13, 15, 14, 21, 22, 51, 52, 41, 54, 27, 18, 16, 17, 19, 20, 0]
82;368;[0, 30, 29, 28, 34, 40, 42, 25, 53, 11, 33, 47, 50, 10, 55, 39, 49, 26, 48, 43, 38, 24, 23, 16, 17, 20, 19, 18, 27, 54, 41, 52, 51, 22, 21, 14, 15, 13, 12, 7, 8, 6, 9, 32, 31, 57, 35, 36, 37, 58, 56, 4, 3, 1, 2, 5, 45, 46, 44, 0]
83;368;[0, 52, 51, 22, 21, 14, 15, 13, 12, 7, 8, 6, 9, 32, 31, 57, 35, 36, 37, 58, 56, 4, 3, 1, 2, 5, 38, 43, 48, 26, 49, 39, 55, 10, 50, 47, 53, 25, 34, 40, 42, 11, 33, 20, 19, 17, 16, 18, 28, 29, 30, 44, 46, 45, 23, 24, 27, 54, 41, 0]
84;364;[0, 30, 44, 46, 45, 23, 24, 5, 2, 1, 3, 4, 56, 58, 37, 36, 35, 57, 31, 32, 9, 6, 8, 7, 12, 13, 15, 14, 21, 22, 51, 52, 41, 54, 27, 18, 16, 17, 19, 20, 33, 11, 42, 40, 34, 25, 53, 47, 50, 10, 55, 39, 49, 26, 48, 43, 38, 28, 29, 0]
85;366;[0, 30, 29, 28, 16, 17, 18, 19, 20, 33, 11, 42, 40, 34, 25, 53, 47, 50, 10, 55, 39, 49, 26, 48, 43, 38, 23, 24, 51, 52, 41, 54, 27, 22, 21, 14, 15, 13, 12, 7, 8, 6, 9, 32, 31, 57, 35, 36, 37, 58, 56, 4, 3, 5, 2, 1, 45, 46, 44, 0]
86;365;[0, 30, 29, 28, 33, 53, 11, 42, 40, 34, 25, 47, 50, 10, 55, 39, 49, 26, 48, 43, 38, 44, 46, 45, 23, 24, 5, 3, 1, 2, 4, 56, 58, 37, 36, 35, 57, 31, 32, 9, 6, 8, 7, 12, 13, 15, 14, 21, 22, 51, 52, 41, 54, 27, 18, 16, 17, 19, 20, 0]
87;362;[0, 30, 28, 20, 19, 17, 16, 18, 27, 54, 41, 52, 51, 22, 21, 14, 15, 13, 12, 7, 8, 6, 9, 31, 32, 37, 35, 36, 57, 58, 56, 4, 3, 1, 2, 5, 24, 23, 45, 46, 44, 38, 43, 48, 26, 49, 39, 55, 10, 50, 47, 53, 25, 34, 40, 42, 11, 33, 29, 0]
88;360;[0, 30, 29, 28, 38, 43, 48, 26, 49, 39, 55, 10, 50, 47, 53, 25, 34, 40, 42, 11, 33, 20, 19, 17, 16, 18, 27, 54, 41, 52, 51, 22, 21, 14, 15, 13, 12, 7, 8, 6, 9, 32, 31, 57, 35, 36, 37, 58, 56, 4, 3, 1, 2, 5, 24, 23, 45, 46, 44, 0]
89;365;[0, 30, 46, 45, 44, 29, 28, 33, 11, 42, 40, 34, 25, 53, 47, 50, 10, 55, 39, 49, 26, 48, 43, 38, 24, 23, 5, 2, 1, 3, 4, 56, 58, 37, 36, 35, 57, 31, 32, 9, 6, 8, 7, 12, 13, 15, 14, 21, 22, 51, 52, 41, 54, 27, 18, 16, 17, 19, 20, 0]
90;360;[0, 46, 44, 30, 29, 28, 38, 43, 48, 26, 49, 39, 55, 10, 50, 47, 53, 25, 34, 40, 42, 11, 33, 20, 19, 17, 16, 18, 27, 54, 41, 52, 51, 22, 21, 14, 15, 13, 12, 7, 8, 6, 9, 32, 31, 57, 35, 36, 37, 58, 56, 4, 3, 1, 2, 5, 24, 23, 45, 0]
91;364;[0, 28, 29, 30, 44, 46, 45, 23, 24, 5, 2, 1, 3, 4, 58, 56, 36, 35, 37, 57, 31, 32, 9, 6, 8, 7, 12, 13, 15, 14, 21, 22, 51, 52, 41, 54, 27, 18, 16, 17, 19, 20, 33, 11, 42, 40, 34, 25, 53, 47, 50, 10, 55, 39, 49, 26, 38, 43, 48, 0]
92;362;[0, 30, 29, 28, 33, 11, 42, 40, 34, 25, 53, 47, 50, 10, 55, 39, 49, 26, 48, 43, 38, 44, 46, 45, 23, 24, 5, 2, 1, 3, 4, 56, 58, 37, 36, 35, 57, 31, 32, 9, 6, 8, 7, 12, 13, 15, 14, 21, 22, 51, 52, 41, 54, 27, 18, 16, 17, 19, 20, 0]
93;364;[0, 30, 29, 28, 33, 11, 42, 40, 34, 25, 53, 47, 50, 10, 55, 39, 49, 26, 48, 43, 38, 24, 23, 5, 3, 1, 2, 4, 56, 58, 57, 35, 36, 37, 31, 32, 9, 6, 8, 7, 13, 12, 15, 14, 21, 22, 51, 52, 41, 54, 27, 18, 20, 19, 17, 16, 45, 46, 44, 0]
94;387;[0, 30, 29, 28, 34, 40, 42, 11, 25, 53, 33, 47, 50, 10, 55, 39, 49, 26, 48, 43, 38, 44, 46, 45, 23, 24, 5, 2, 1, 3, 4, 56, 58, 32, 9, 6, 8, 7, 15, 27, 54, 41, 52, 51, 22, 21, 14, 13, 12, 31, 57, 35, 36, 37, 16, 17, 19, 20, 18, 0]
95;365;[0, 30, 29, 28, 33, 11, 42, 40, 34, 25, 53, 47, 50, 10, 55, 39, 49, 26, 48, 43, 38, 24, 23, 5, 2, 1, 3, 4, 56, 58, 37, 36, 35, 57, 31, 32, 9, 6, 8, 7, 12, 13, 15, 14, 21, 22, 51, 52, 41, 54, 27, 18, 20, 19, 17, 16, 45, 46, 44, 0]
96;370;[0, 30, 29, 28, 38, 43, 48, 26, 49, 39, 55, 10, 50, 47, 33, 53, 25, 11, 42, 40, 34, 20, 19, 17, 16, 18, 27, 54, 41, 52, 51, 22, 21, 14, 15, 13, 12, 7, 8, 6, 9, 32, 31, 36, 35, 37, 57, 58, 56, 4, 2, 5, 3, 1, 23, 24, 45, 46, 44, 0]
97;361;[0, 30, 29, 28, 38, 43, 48, 26, 49, 39, 55, 10, 50, 47, 53, 25, 34, 40, 42, 11, 33, 20, 19, 17, 16, 18, 27, 54, 41, 52, 51, 22, 21, 14, 15, 13, 12, 7, 8, 6, 9, 31, 32, 57, 37, 35, 36, 56, 58, 4, 2, 1, 3, 5, 24, 23, 45, 46, 44, 0]
98;364;[0, 30, 20, 19, 17, 16, 18, 27, 54, 41, 52, 51, 22, 21, 14, 15, 13, 12, 7, 8, 6, 9, 32, 31, 57, 35, 36, 37, 58, 56, 4, 2, 1, 3, 5, 24, 23, 38, 43, 48, 26, 49, 39, 55, 10, 50, 47, 53, 25, 34, 40, 42, 11, 33, 28, 29, 44, 45, 46, 0]
99;364;[0, 30, 44, 46, 45, 23, 24, 5, 2, 1, 3, 4, 56, 58, 37, 36, 35, 57, 31, 32, 9, 6, 8, 7, 12, 13, 15, 14, 21, 22, 51, 52, 41, 54, 27, 18, 17, 16, 19, 20, 33, 11, 42, 40, 34, 25, 53, 47, 50, 10, 55, 39, 49, 26, 48, 43, 38, 28, 29, 0]
100;371;[0, 30, 29, 28, 39, 33, 11, 42, 40, 34, 25, 53, 47, 50, 10, 55, 49, 26, 48, 43, 38, 24, 23, 16, 17, 19, 20, 18, 27, 54, 41, 52, 51, 22, 21, 14, 15, 13, 12, 7, 8, 6, 9, 32, 31, 57, 35, 36, 37, 58, 56, 4, 3, 1, 2, 5, 45, 46, 44, 0]
101;361;[0, 30, 29, 28, 38, 43, 48, 26, 49, 39, 55, 10, 50, 47, 53, 25, 34, 40, 42, 11, 33, 20, 19, 17, 16, 18, 27, 54, 41, 52, 51, 22, 21, 14, 15, 13, 12, 7, 8, 6, 9, 32, 31, 37, 35, 36, 57, 58, 56, 4, 3, 1, 2, 5, 24, 23, 45, 46, 44, 0]
102;365;[0, 30, 29, 28, 33, 11, 42, 40, 34, 25, 53, 47, 50, 10, 55, 39, 49, 26, 48, 43, 38, 24, 23, 5, 2, 1, 3, 4, 56, 58, 37, 36, 35, 57, 31, 32, 9, 6, 8, 7, 12, 13, 15, 14, 21, 22, 51, 52, 41, 54, 27, 18, 20, 19, 17, 16, 45, 46, 44, 0]
103;383;[0, 30, 29, 28, 17, 16, 18, 19, 20, 33, 11, 42, 40, 34, 25, 53, 47, 50, 10, 55, 39, 49, 26, 48, 43, 38, 24, 23, 5, 2, 56, 58, 37, 36, 35, 57, 31, 9, 22, 27, 54, 41, 52, 51, 21, 14, 15, 13, 12, 7, 8, 6, 32, 4, 3, 1, 45, 46, 44, 0]
104;362;[0, 30, 29, 28, 33, 11, 42, 40, 34, 25, 53, 47, 50, 10, 55, 39, 49, 26, 48, 43, 38, 44, 46, 45, 23, 24, 5, 2, 1, 3, 4, 56, 58, 37, 36, 35, 57, 31, 32, 9, 6, 8, 7, 12, 13, 15, 14, 21, 22, 51, 52, 41, 54, 27, 18, 17, 16, 19, 20, 0]
105;362;[0, 30, 29, 28, 33, 11, 42, 40, 34, 25, 53, 47, 50, 10, 55, 39, 49, 26, 48, 43, 38, 44, 46, 45, 23, 24, 5, 2, 1, 3, 4, 56, 58, 37, 36, 35, 57, 31, 32, 9, 6, 8, 7, 12, 13, 15, 14, 21, 22, 51, 52, 41, 54, 27, 18, 16, 17, 19, 20, 0]
106;360;[0, 30, 29, 28, 48, 43, 38, 26, 49, 39, 55, 10, 50, 47, 53, 25, 34, 40, 42, 11, 33, 20, 19, 17, 16, 18, 27, 54, 41, 52, 51, 22, 21, 14, 15, 13, 12, 7, 8, 6, 9, 32, 31, 57, 35, 36, 37, 58, 56, 4, 3, 1, 2, 5, 24, 23, 45, 46, 44, 0]
107;364;[0, 30, 29, 28, 38, 43, 48, 26, 49, 39, 55, 10, 50, 47, 25, 34, 40, 42, 11, 53, 33, 20, 19, 17, 16, 18, 27, 54, 41, 52, 51, 22, 21, 14, 15, 13, 12, 7, 8, 6, 9, 32, 31, 57, 35, 36, 37, 58, 56, 4, 3, 1, 2, 5, 24, 23, 45, 46, 44, 0]
108;367;[0, 28, 29, 30, 23, 24, 5, 2, 1, 3, 4, 56, 58, 37, 36, 35, 57, 31, 32, 9, 6, 8, 7, 12, 13, 15, 14, 21, 22, 51, 52, 41, 54, 27, 18, 16, 17, 19, 20, 33, 11, 42, 40, 34, 25, 53, 47, 50, 10, 55, 39, 49, 26, 48, 43, 38, 45, 46, 44, 0]
109;366;[0, 2, 1, 38, 43, 48, 26, 49, 39, 55, 10, 50, 47, 53, 25, 34, 40, 42, 11, 33, 20, 19, 18, 17, 16, 28, 29, 30, 44, 46, 45, 23, 24, 51, 52, 41, 54, 27, 22, 21, 14, 15, 13, 12, 7, 8, 6, 9, 32, 31, 57, 35, 36, 37, 58, 56, 4, 3, 5, 0]
110;364;[0, 30, 29, 28, 33, 11, 42, 40, 34, 25, 53, 47, 50, 10, 55, 39, 49, 26, 48, 43, 38, 24, 23, 5, 2, 1, 3, 4, 58, 56, 57, 35, 36, 37, 31, 32, 9, 6, 8, 7, 12, 13, 15, 14, 21, 22, 51, 52, 41, 54, 27, 18, 20, 19, 17, 16, 45, 46, 44, 0]
111;362;[0, 30, 29, 28, 33, 11, 42, 40, 34, 25, 53, 47, 50, 10, 55, 39, 49, 26, 48, 43, 38, 24, 23, 16, 17, 20, 19, 18, 27, 54, 41, 52, 51, 22, 21, 14, 15, 13, 12, 7, 8, 6, 9, 32, 31, 57, 35, 36, 37, 58, 56, 4, 5, 2, 3, 1, 45, 46, 44, 0]
112;361;[0, 30, 29, 28, 38, 43, 48, 26, 49, 39, 55, 10, 50, 47, 53, 25, 34, 40, 42, 11, 33, 20, 19, 17, 16, 18, 27, 54, 41, 52, 51, 22, 21, 14, 15, 13, 12, 7, 8, 6, 9, 32, 31, 57, 37, 35, 36, 56, 58, 4, 3, 1, 2, 5, 24, 23, 45, 46, 44, 0]
113;368;[0, 30, 29, 28, 34, 40, 42, 53, 25, 11, 33, 47, 50, 10, 55, 39, 49, 26, 48, 43, 38, 44, 46, 45, 23, 24, 5, 3, 1, 2, 4, 56, 58, 37, 36, 35, 57, 31, 32, 9, 6, 8, 7, 12, 13, 15, 14, 21, 22, 51, 52, 41, 54, 27, 18, 16, 17, 19, 20, 0]
114;360;[0, 30, 29, 28, 38, 43, 48, 26, 49, 39, 55, 10, 50, 47, 53, 25, 34, 40, 42, 11, 33, 20, 19, 17, 16, 18, 27, 54, 41, 52, 51, 22, 21, 14, 15, 13, 12, 7, 8, 6, 9, 32, 31, 57, 35, 36, 37, 58, 56, 4, 3, 1, 2, 5, 24, 23, 45, 46, 44, 0]
115;375;[0, 30, 29, 28, 17, 16, 18, 19, 20, 33, 11, 42, 40, 34, 25, 53, 47, 50, 10, 55, 39, 49, 26, 48, 43, 38, 36, 35, 37, 57, 31, 32, 9, 6, 8, 7, 12, 13, 15, 14, 21, 22, 51, 52, 41, 54, 27, 1, 3, 4, 58, 56, 2, 5, 24, 23, 45, 46, 44, 0]
116;362;[0, 30, 29, 28, 33, 11, 42, 40, 34, 25, 53, 47, 50, 10, 55, 39, 49, 26, 48, 43, 38, 44, 46, 45, 23, 24, 5, 3, 1, 2, 4, 56, 58, 37, 36, 35, 57, 31, 32, 9, 6, 8, 7, 12, 13, 15, 14, 21, 22, 51, 52, 41, 54, 27, 18, 17, 16, 19, 20, 0]
117;368;[0, 30, 29, 28, 34, 40, 42, 25, 53, 11, 33, 47, 50, 10, 55, 39, 49, 26, 48, 43, 38, 44, 46, 45, 23, 24, 5, 2, 1, 3, 4, 56, 58, 37, 36, 35, 57, 31, 32, 9, 6, 8, 7, 12, 13, 15, 14, 21, 22, 51, 52, 41, 54, 27, 18, 16, 17, 19, 20, 0]
118;374;[0, 30, 29, 28, 33, 11, 42, 40, 34, 25, 53, 47, 50, 10, 55, 39, 49, 26, 48, 43, 38, 36, 35, 37, 57, 31, 32, 9, 6, 8, 7, 12, 13, 15, 14, 21, 22, 51, 52, 41, 54, 27, 18, 20, 19, 17, 16, 1, 3, 4, 58, 56, 2, 5, 24, 23, 45, 46, 44, 0]
119;384;[0, 30, 29, 28, 33, 11, 42, 40, 34, 25, 53, 47, 50, 10, 55, 39, 49, 26, 48, 43, 38, 44, 46, 45, 23, 24, 5, 2, 56, 58, 37, 36, 35, 57, 32, 9, 6, 8, 22, 51, 52, 41, 54, 27, 21, 14, 15, 13, 12, 7, 31, 4, 3, 1, 16, 17, 18, 19, 20, 0]
120;366;[0, 30, 29, 28, 20, 19, 17, 16, 18, 27, 54, 41, 52, 51, 22, 21, 14, 15, 13, 12, 7, 8, 6, 9, 32, 31, 57, 35, 36, 37, 58, 56, 4, 3, 1, 2, 5, 24, 23, 48, 26, 49, 39, 55, 10, 50, 47, 53, 25, 34, 40, 42, 11, 33, 43, 38, 45, 46, 44, 0]
121;367;[0, 30, 29, 28, 34, 40, 42, 25, 53, 11, 33, 47, 50, 10, 55, 39, 49, 26, 48, 43, 38, 24, 23, 16, 17, 19, 20, 18, 27, 54, 41, 52, 51, 22, 21, 14, 15, 13, 12, 7, 8, 6, 9, 32, 31, 57, 35, 36, 37, 58, 56, 4, 3, 1, 2, 5, 45, 46, 44, 0]
122;370;[0, 54, 27, 20, 19, 17, 16, 18, 24, 23, 38, 43, 48, 26, 49, 39, 55, 10, 50, 47, 53, 25, 34, 40, 42, 11, 33, 28, 29, 30, 44, 46, 45, 5, 2, 1, 3, 4, 56, 58, 37, 36, 35, 57, 31, 32, 9, 6, 8, 7, 12, 13, 15, 14, 21, 22, 51, 52, 41, 0]
123;362;[0, 30, 29, 28, 33, 11, 42, 40, 34, 25, 53, 47, 50, 10, 55, 39, 49, 26, 48, 43, 38, 24, 23, 16, 17, 20, 19, 18, 27, 54, 41, 52, 51, 22, 21, 14, 15, 13, 12, 7, 8, 6, 9, 32, 31, 57, 35, 36, 37, 58, 56, 4, 5, 2, 3, 1, 45, 46, 44, 0]
124;391;[0, 30, 29, 28, 20, 19, 17, 16, 18, 1, 3, 4, 56, 58, 37, 36, 35, 57, 31, 32, 14, 21, 22, 51, 52, 41, 54, 27, 15, 13, 12, 7, 8, 6, 9, 2, 5, 24, 23, 26, 49, 39, 55, 10, 50, 47, 53, 25, 34, 40, 42, 11, 33, 48, 43, 38, 45, 46, 44, 0]
125;365;[0, 30, 29, 28, 33, 11, 42, 40, 34, 25, 53, 47, 50, 10, 55, 39, 49, 26, 48, 43, 38, 24, 23, 5, 2, 1, 3, 4, 56, 58, 37, 36, 35, 57, 31, 32, 9, 6, 8, 7, 13, 12, 15, 14, 21, 22, 51, 52, 41, 54, 27, 18, 20, 19, 17, 16, 45, 46, 44, 0]
126;361;[0, 30, 29, 28, 38, 43, 48, 26, 49, 39, 55, 10, 50, 47, 53, 25, 34, 40, 42, 11, 33, 20, 19, 17, 16, 18, 27, 54, 41, 52, 51, 22, 21, 14, 15, 13, 12, 7, 8, 6, 9, 32, 31, 57, 37, 35, 36, 58, 56, 4, 3, 1, 2, 5, 24, 23, 45, 46, 44, 0]
127;364;[0, 30, 29, 28, 33, 11, 42, 40, 34, 25, 53, 47, 50, 10, 55, 39, 49, 26, 48, 43, 38, 24, 23, 5, 2, 1, 3, 4, 56, 58, 57, 35, 36, 37, 31, 32, 9, 6, 8, 7, 12, 13, 15, 14, 21, 22, 51, 52, 41, 54, 27, 18, 20, 19, 17, 16, 45, 46, 44, 0]
128;362;[0, 30, 29, 28, 33, 11, 42, 40, 34, 25, 53, 47, 50, 10, 55, 39, 49, 26, 48, 43, 38, 44, 46, 45, 23, 24, 5, 2, 1, 3, 4, 56, 58, 37, 36, 35, 57, 31, 32, 9, 6, 8, 7, 12, 13, 15, 14, 21, 22, 51, 52, 41, 54, 27, 18, 16, 17, 19, 20, 0]
129;362;[0, 30, 29, 28, 33, 11, 42, 40, 34, 25, 53, 47, 50, 10, 55, 39, 49, 26, 48, 43, 38, 44, 46, 45, 23, 24, 5, 2, 1, 3, 4, 58, 56, 36, 35, 37, 57, 31, 32, 9, 6, 8, 7, 12, 13, 15, 14, 21, 22, 51, 52, 41, 54, 27, 18, 16, 17, 19, 20, 0]
130;366;[0, 30, 29, 33, 11, 42, 40, 34, 25, 53, 47, 50, 10, 55, 39, 49, 26, 48, 43, 38, 24, 23, 5, 2, 1, 3, 4, 56, 58, 37, 36, 35, 57, 31, 32, 9, 6, 8, 7, 13, 12, 15, 14, 21, 22, 51, 52, 41, 54, 27, 18, 16, 17, 19, 20, 28, 44, 46, 45, 0]
131;360;[0, 30, 29, 28, 38, 43, 48, 26, 49, 39, 55, 10, 50, 47, 53, 25, 34, 40, 42, 11, 33, 20, 19, 17, 16, 18, 27, 54, 41, 52, 51, 22, 21, 14, 15, 13, 12, 7, 8, 6, 9, 32, 31, 57, 35, 36, 37, 58, 56, 4, 3, 1, 2, 5, 24, 23, 45, 46, 44, 0]
132;360;[0, 30, 29, 28, 48, 43, 38, 26, 49, 39, 55, 10, 50, 47, 53, 25, 34, 40, 42, 11, 33, 20, 19, 17, 16, 18, 27, 54, 41, 52, 51, 22, 21, 14, 15, 13, 12, 7, 8, 6, 9, 32, 31, 57, 35, 36, 37, 58, 56, 4, 3, 1, 2, 5, 24, 23, 45, 46, 44, 0]
133;362;[0, 30, 29, 28, 33, 11, 42, 40, 34, 25, 53, 47, 50, 10, 55, 39, 49, 26, 48, 43, 38, 44, 46, 45, 23, 24, 5, 2, 1, 3, 4, 56, 58, 37, 36, 35, 57, 31, 32, 9, 6, 8, 7, 12, 13, 15, 14, 21, 22, 51, 52, 41, 54, 27, 18, 17, 16, 19, 20, 0]
134;377;[0, 30, 29, 28, 18, 16, 17, 19, 20, 33, 11, 42, 40, 34, 25, 53, 47, 50, 10, 55, 39, 49, 26, 48, 43, 38, 36, 35, 37, 7, 12, 13, 15, 14, 21, 22, 51, 52, 41, 54, 27, 8, 6, 9, 32, 31, 57, 58, 56, 4, 3, 1, 2, 5, 24, 23, 45, 46, 44, 0]
135;368;[0, 30, 29, 28, 34, 40, 42, 25, 53, 11, 33, 47, 50, 10, 55, 39, 49, 26, 48, 43, 38, 44, 46, 45, 23, 24, 5, 3, 1, 2, 4, 56, 58, 37, 36, 35, 57, 31, 32, 9, 6, 8, 7, 12, 13, 15, 14, 21, 22, 51, 52, 41, 54, 27, 18, 16, 17, 19, 20, 0]
136;384;[0, 30, 29, 33, 11, 42, 40, 34, 25, 53, 47, 50, 10, 55, 39, 49, 26, 48, 43, 38, 24, 23, 37, 36, 35, 57, 31, 32, 9, 6, 8, 7, 12, 13, 15, 14, 21, 22, 51, 52, 41, 54, 27, 1, 2, 5, 3, 4, 56, 58, 16, 17, 18, 19, 20, 28, 44, 46, 45, 0]
137;360;[0, 30, 29, 28, 38, 43, 48, 26, 49, 39, 55, 10, 50, 47, 53, 25, 34, 40, 42, 11, 33, 20, 19, 17, 16, 18, 27, 54, 41, 52, 51, 22, 21, 14, 15, 13, 12, 7, 8, 6, 9, 32, 31, 57, 35, 36, 37, 58, 56, 4, 3, 1, 2, 5, 24, 23, 45, 46, 44, 0]
138;374;[0, 30, 20, 19, 17, 16, 18, 27, 54, 41, 52, 51, 22, 21, 14, 15, 13, 12, 7, 8, 6, 9, 32, 31, 57, 35, 36, 37, 58, 56, 4, 3, 1, 2, 5, 24, 23, 38, 43, 48, 26, 49, 55, 10, 50, 47, 53, 25, 34, 40, 42, 11, 33, 39, 28, 29, 44, 45, 46, 0]
139;368;[0, 30, 29, 28, 48, 33, 11, 42, 40, 34, 25, 53, 47, 50, 10, 55, 39, 49, 26, 43, 38, 24, 23, 16, 17, 19, 20, 18, 27, 54, 41, 52, 51, 22, 21, 14, 15, 13, 12, 7, 8, 6, 9, 32, 31, 57, 37, 35, 36, 58, 56, 4, 5, 2, 3, 1, 45, 46, 44, 0]
140;360;[0, 30, 29, 28, 38, 43, 48, 26, 49, 39, 55, 10, 50, 47, 53, 25, 34, 40, 42, 11, 33, 20, 19, 17, 16, 18, 27, 54, 41, 52, 51, 22, 21, 14, 15, 13, 12, 7, 8, 6, 9, 32, 31, 57, 35, 36, 37, 58, 56, 4, 3, 1, 2, 5, 24, 23, 45, 46, 44, 0]
141;363;[0, 30, 29, 33, 11, 42, 40, 34, 25, 53, 47, 50, 10, 55, 39, 49, 26, 48, 43, 38, 44, 46, 45, 23, 24, 5, 2, 1, 3, 4, 56, 58, 37, 36, 35, 57, 31, 32, 9, 6, 8, 7, 12, 13, 15, 14, 21, 22, 51, 52, 41, 54, 27, 18, 16, 17, 19, 20, 28, 0]
142;376;[0, 30, 29, 28, 17, 16, 18, 19, 20, 33, 11, 42, 40, 34, 25, 53, 47, 50, 10, 55, 39, 49, 26, 48, 43, 38, 36, 35, 37, 7, 12, 13, 14, 21, 22, 51, 52, 41, 54, 27, 15, 8, 6, 9, 31, 32, 57, 58, 56, 4, 3, 1, 2, 5, 24, 23, 45, 46, 44, 0]
143;367;[0, 30, 29, 28, 34, 40, 42, 25, 53, 11, 33, 47, 50, 10, 55, 39, 49, 26, 48, 43, 38, 24, 23, 16, 17, 19, 20, 18, 27, 54, 41, 52, 51, 22, 21, 14, 15, 13, 12, 7, 8, 6, 9, 32, 31, 57, 35, 36, 37, 58, 56, 4, 3, 1, 2, 5, 45, 46, 44, 0]
144;360;[0, 30, 29, 28, 38, 43, 48, 26, 49, 39, 55, 10, 50, 47, 53, 25, 34, 40, 42, 11, 33, 20, 19, 17, 16, 18, 27, 54, 41, 52, 51, 22, 21, 14, 15, 13, 12, 7, 8, 6, 9, 32, 31, 57, 35, 36, 37, 58, 56, 4, 3, 1, 2, 5, 24, 23, 45, 46, 44, 0]
145;363;[0, 30, 29, 28, 33, 11, 42, 40, 34, 25, 53, 47, 50, 10, 55, 39, 49, 26, 48, 43, 38, 44, 46, 45, 23, 24, 5, 2, 1, 3, 4, 56, 58, 37, 36, 35, 57, 31, 32, 9, 6, 8, 7, 12, 13, 15, 14, 21, 22, 51, 52, 41, 54, 27, 18, 19, 20, 17, 16, 0]
146;361;[0, 30, 29, 28, 38, 43, 48, 26, 49, 39, 55, 10, 50, 47, 53, 25, 34, 40, 42, 11, 33, 20, 19, 17, 16, 18, 27, 54, 41, 52, 51, 22, 21, 14, 15, 13, 12, 7, 8, 6, 9, 32, 31, 57, 37, 35, 36, 58, 56, 4, 2, 1, 3, 5, 24, 23, 45, 46, 44, 0]
147;375;[0, 30, 29, 28, 39, 33, 11, 42, 40, 34, 25, 53, 47, 50, 10, 55, 49, 26, 48, 43, 38, 24, 23, 5, 2, 1, 3, 4, 56, 58, 37, 36, 35, 57, 31, 32, 9, 6, 8, 7, 12, 13, 15, 14, 21, 22, 51, 52, 41, 54, 27, 18, 16, 17, 19, 20, 44, 46, 45, 0]
148;364;[0, 30, 44, 46, 45, 23, 24, 5, 2, 1, 3, 4, 56, 58, 37, 36, 35, 57, 31, 32, 9, 6, 8, 7, 12, 13, 15, 14, 21, 22, 51, 52, 41, 54, 27, 18, 16, 17, 19, 20, 33, 11, 42, 40, 34, 25, 53, 47, 50, 10, 55, 39, 49, 26, 48, 43, 38, 28, 29, 0]
149;365;[0, 30, 29, 28, 33, 11, 42, 40, 34, 25, 53, 47, 50, 10, 55, 39, 49, 26, 48, 43, 38, 24, 23, 5, 2, 1, 3, 4, 56, 58, 37, 36, 35, 57, 31, 32, 9, 6, 8, 7, 12, 13, 15, 14, 21, 22, 51, 52, 41, 54, 27, 18, 20, 19, 17, 16, 45, 46, 44, 0]
150;387;[0, 30, 29, 28, 48, 33, 11, 42, 40, 34, 25, 53, 47, 50, 10, 55, 39, 49, 26, 43, 38, 44, 46, 45, 23, 24, 5, 2, 1, 3, 4, 56, 58, 32, 9, 6, 8, 7, 15, 27, 54, 41, 52, 51, 22, 21, 14, 13, 12, 31, 57, 35, 36, 37, 16, 17, 19, 20, 18, 0]
151;364;[0, 30, 29, 28, 38, 43, 48, 26, 49, 39, 55, 10, 50, 47, 53, 25, 34, 40, 42, 11, 33, 20, 19, 17, 16, 18, 54, 41, 27, 51, 52, 22, 21, 14, 15, 13, 12, 7, 8, 6, 9, 32, 31, 57, 35, 36, 37, 58, 56, 4, 3, 1, 2, 5, 24, 23, 45, 46, 44, 0]
152;360;[0, 30, 29, 28, 38, 43, 48, 26, 49, 39, 55, 10, 50, 47, 53, 25, 34, 40, 42, 11, 33, 20, 19, 17, 16, 18, 27, 54, 41, 52, 51, 22, 21, 14, 15, 13, 12, 7, 8, 6, 9, 32, 31, 57, 35, 36, 37, 58, 56, 4, 3, 1, 2, 5, 24, 23, 45, 46, 44, 0]
153;380;[0, 30, 29, 28, 33, 11, 42, 40, 34, 25, 53, 47, 50, 10, 55, 39, 49, 26, 48, 43, 38, 44, 46, 45, 23, 24, 5, 3, 1, 2, 4, 56, 58, 32, 7, 14, 21, 22, 51, 52, 41, 54, 27, 15, 12, 13, 8, 6, 9, 31, 57, 35, 36, 37, 16, 17, 19, 20, 18, 0]
154;365;[0, 30, 29, 28, 33, 11, 42, 40, 34, 25, 53, 47, 50, 10, 55, 39, 49, 26, 48, 43, 38, 24, 23, 5, 2, 1, 3, 4, 56, 58, 37, 36, 35, 57, 31, 32, 9, 6, 8, 7, 13, 12, 15, 14, 21, 22, 51, 52, 41, 54, 27, 18, 20, 19, 17, 16, 45, 46, 44, 0]
155;362;[0, 30, 29, 28, 33, 11, 42, 40, 34, 25, 53, 47, 50, 10, 55, 39, 49, 26, 48, 43, 38, 44, 46, 45, 23, 24, 5, 2, 1, 3, 4, 56, 58, 37, 36, 35, 57, 31, 32, 9, 6, 8, 7, 12, 13, 15, 14, 21, 22, 51, 52, 41, 54, 27, 18, 16, 17, 19, 20, 0]
156;362;[0, 30, 29, 28, 33, 11, 42, 40, 34, 25, 53, 47, 50, 10, 55, 39, 49, 26, 48, 43, 38, 24, 23, 16, 17, 20, 19, 18, 27, 54, 41, 52, 51, 22, 21, 14, 15, 13, 12, 7, 8, 6, 9, 32, 31, 57, 35, 36, 37, 58, 56, 4, 3, 1, 2, 5, 45, 46, 44, 0]
157;369;[0, 30, 29, 43, 38, 48, 26, 49, 39, 55, 10, 50, 47, 25, 34, 40, 42, 11, 53, 33, 28, 20, 19, 17, 16, 18, 27, 54, 41, 52, 51, 22, 21, 14, 15, 13, 12, 7, 8, 6, 9, 32, 31, 57, 35, 36, 37, 58, 56, 4, 3, 1, 2, 5, 24, 23, 45, 46, 44, 0]
158;371;[0, 30, 29, 28, 34, 40, 42, 25, 53, 11, 33, 47, 50, 10, 55, 39, 49, 26, 48, 43, 38, 24, 23, 5, 2, 1, 3, 4, 56, 58, 37, 36, 35, 57, 31, 32, 9, 6, 8, 7, 12, 13, 15, 14, 21, 22, 51, 52, 41, 54, 27, 18, 20, 19, 17, 16, 45, 46, 44, 0]
159;360;[0, 30, 29, 28, 38, 43, 48, 26, 49, 39, 55, 10, 50, 47, 53, 25, 34, 40, 42, 11, 33, 20, 19, 17, 16, 18, 27, 54, 41, 52, 51, 22, 21, 14, 15, 13, 12, 7, 8, 6, 9, 32, 31, 57, 35, 36, 37, 58, 56, 4, 3, 1, 2, 5, 24, 23, 45, 46, 44, 0]
160;374;[0, 30, 29, 28, 48, 43, 38, 26, 49, 55, 10, 50, 47, 53, 25, 34, 40, 42, 11, 33, 39, 20, 19, 17, 16, 18, 27, 54, 41, 52, 51, 22, 21, 14, 15, 13, 12, 7, 8, 6, 9, 32, 31, 57, 35, 36, 37, 58, 56, 4, 3, 1, 2, 5, 24, 23, 45, 46, 44, 0]
161;360;[0, 30, 29, 28, 38, 43, 48, 26, 49, 39, 55, 10, 50, 47, 53, 25, 34, 40, 42, 11, 33, 20, 19, 17, 16, 18, 27, 54, 41, 52, 51, 22, 21, 14, 15, 13, 12, 7, 8, 6, 9, 32, 31, 57, 35, 36, 37, 58, 56, 4, 3, 1, 2, 5, 24, 23, 45, 46, 44, 0]
162;362;[0, 10, 55, 39, 49, 26, 48, 43, 38, 24, 23, 16, 17, 20, 19, 18, 27, 54, 41, 52, 51, 22, 21, 14, 15, 13, 12, 7, 8, 6, 9, 32, 31, 57, 35, 36, 37, 58, 56, 4, 3, 1, 2, 5, 45, 46, 44, 30, 29, 28, 33, 11, 42, 40, 34, 25, 53, 47, 50, 0]
163;366;[0, 30, 29, 28, 18, 16, 17, 19, 20, 33, 11, 42, 40, 34, 25, 53, 47, 50, 10, 55, 39, 49, 26, 48, 43, 38, 23, 24, 51, 52, 41, 54, 27, 22, 21, 14, 15, 13, 12, 7, 8, 6, 9, 32, 31, 57, 35, 36, 37, 58, 56, 4, 3, 1, 2, 5, 45, 46, 44, 0]
164;365;[0, 30, 29, 28, 33, 11, 42, 40, 34, 25, 53, 47, 50, 10, 55, 39, 49, 26, 48, 43, 38, 24, 23, 5, 2, 1, 3, 4, 56, 58, 37, 36, 35, 57, 31, 32, 9, 6, 8, 7, 12, 13, 15, 14, 21, 22, 51, 52, 41, 54, 27, 18, 20, 19, 17, 16, 45, 46, 44, 0]
165;365;[0, 30, 29, 28, 33, 11, 42, 40, 34, 25, 53, 47, 50, 10, 55, 39, 49, 26, 48, 43, 38, 24, 23, 5, 2, 1, 3, 4, 56, 58, 37, 36, 35, 57, 31, 32, 9, 6, 8, 7, 12, 13, 15, 14, 21, 22, 51, 52, 41, 54, 27, 18, 20, 19, 17, 16, 45, 46, 44, 0]
166;365;[0, 30, 29, 28, 33, 11, 42, 40, 34, 25, 53, 47, 50, 10, 55, 39, 49, 26, 48, 43, 38, 24, 23, 5, 2, 1, 3, 4, 56, 58, 37, 36, 35, 57, 31, 32, 9, 6, 8, 7, 12, 13, 15, 14, 21, 22, 51, 52, 41, 54, 27, 18, 20, 19, 17, 16, 45, 46, 44, 0]
167;368;[0, 30, 29, 28, 48, 33, 11, 42, 40, 34, 25, 53, 47, 50, 10, 55, 39, 49, 26, 43, 38, 44, 46, 45, 23, 24, 5, 2, 1, 3, 4, 56, 58, 37, 36, 35, 57, 31, 32, 9, 6, 8, 7, 12, 13, 15, 14, 21, 22, 51, 52, 41, 54, 27, 18, 16, 17, 19, 20, 0]
168;360;[0, 30, 29, 28, 38, 43, 48, 26, 49, 39, 55, 10, 50, 47, 53, 25, 34, 40, 42, 11, 33, 20, 19, 17, 16, 18, 27, 54, 41, 52, 51, 22, 21, 14, 15, 13, 12, 7, 8, 6, 9, 32, 31, 57, 35, 36, 37, 58, 56, 4, 3, 1, 2, 5, 24, 23, 45, 46, 44, 0]
169;361;[0, 30, 29, 28, 33, 11, 42, 40, 34, 25, 53, 47, 50, 10, 55, 39, 49, 26, 48, 43, 38, 24, 23, 16, 17, 19, 20, 18, 27, 54, 41, 52, 51, 22, 21, 14, 15, 13, 12, 7, 8, 6, 9, 32, 31, 57, 35, 36, 37, 58, 56, 4, 5, 2, 3, 1, 45, 46, 44, 0]
170;368;[0, 30, 29, 28, 48, 33, 11, 42, 40, 34, 25, 53, 47, 50, 10, 55, 39, 49, 26, 43, 38, 44, 46, 45, 23, 24, 5, 2, 1, 3, 4, 56, 58, 37, 36, 35, 57, 31, 32, 9, 6, 8, 7, 12, 13, 15, 14, 21, 22, 51, 52, 41, 54, 27, 18, 16, 17, 19, 20, 0]
171;361;[0, 30, 29, 28, 38, 43, 48, 26, 49, 39, 55, 10, 50, 47, 53, 25, 34, 40, 42, 11, 33, 20, 19, 17, 16, 18, 27, 54, 41, 52, 51, 22, 21, 14, 15, 13, 12, 7, 8, 6, 9, 32, 31, 37, 36, 35, 57, 58, 56, 4, 2, 1, 3, 5, 24, 23, 45, 46, 44, 0]
172;371;[0, 40, 42, 11, 25, 53, 33, 47, 50, 10, 55, 39, 49, 26, 48, 43, 38, 24, 23, 5, 2, 1, 3, 4, 56, 58, 37, 35, 36, 57, 31, 32, 9, 6, 8, 7, 12, 13, 15, 14, 21, 22, 51, 52, 41, 54, 27, 18, 20, 19, 17, 16, 45, 46, 44, 30, 29, 28, 34, 0]
173;377;[0, 30, 29, 28, 34, 40, 42, 25, 53, 11, 33, 47, 50, 10, 55, 39, 49, 26, 48, 43, 38, 36, 35, 37, 58, 56, 57, 31, 32, 9, 6, 8, 7, 12, 13, 15, 14, 21, 22, 51, 52, 41, 54, 27, 18, 20, 19, 17, 16, 1, 3, 4, 2, 5, 24, 23, 45, 46, 44, 0]
174;361;[0, 30, 29, 28, 33, 11, 42, 40, 34, 25, 53, 47, 50, 10, 55, 39, 49, 26, 48, 43, 38, 24, 23, 16, 17, 19, 20, 18, 27, 54, 41, 52, 51, 22, 21, 14, 15, 13, 12, 7, 8, 6, 9, 32, 31, 57, 35, 36, 37, 58, 56, 4, 3, 1, 2, 5, 45, 46, 44, 0]
175;365;[0, 30, 29, 28, 33, 11, 42, 40, 34, 25, 53, 47, 50, 10, 55, 39, 49, 26, 48, 43, 38, 24, 23, 5, 2, 1, 3, 4, 56, 58, 36, 35, 37, 57, 31, 32, 9, 6, 8, 7, 12, 13, 15, 14, 21, 22, 51, 52, 41, 54, 27, 18, 16, 17, 19, 20, 44, 46, 45, 0]
176;371;[0, 30, 29, 28, 34, 40, 42, 11, 25, 53, 33, 47, 50, 10, 55, 39, 49, 26, 48, 43, 38, 24, 23, 5, 2, 1, 3, 4, 56, 58, 37, 36, 35, 57, 31, 32, 9, 6, 8, 7, 12, 13, 15, 14, 21, 22, 51, 52, 41, 54, 27, 18, 20, 19, 17, 16, 45, 46, 44, 0]
177;361;[0, 30, 29, 28, 43, 38, 48, 26, 49, 39, 55, 10, 50, 47, 53, 25, 34, 40, 42, 11, 33, 20, 19, 17, 16, 18, 27, 54, 41, 52, 51, 22, 21, 14, 15, 13, 12, 7, 8, 6, 9, 32, 31, 36, 35, 37, 57, 58, 56, 4, 3, 1, 2, 5, 24, 23, 45, 46, 44, 0]
178;374;[0, 30, 29, 28, 33, 11, 42, 40, 34, 25, 53, 47, 50, 10, 55, 39, 49, 26, 48, 43, 38, 36, 35, 37, 57, 31, 32, 9, 6, 8, 7, 13, 12, 15, 14, 21, 22, 51, 52, 41, 54, 27, 18, 20, 19, 17, 16, 1, 3, 4, 58, 56, 2, 5, 24, 23, 45, 46, 44, 0]
179;362;[0, 30, 29, 28, 33, 11, 42, 40, 34, 25, 53, 47, 50, 10, 55, 39, 49, 26, 48, 43, 38, 44, 46, 45, 23, 24, 5, 2, 1, 3, 4, 58, 56, 36, 35, 37, 57, 31, 32, 9, 6, 8, 7, 12, 13, 15, 14, 21, 22, 51, 52, 41, 54, 27, 18, 16, 17, 19, 20, 0]
180;362;[0, 30, 29, 28, 33, 11, 42, 40, 34, 25, 53, 47, 50, 10, 55, 39, 49, 26, 48, 43, 38, 24, 23, 16, 17, 19, 20, 18, 27, 54, 41, 52, 51, 22, 21, 14, 15, 13, 12, 7, 8, 6, 9, 32, 31, 37, 36, 35, 57, 58, 56, 4, 3, 1, 2, 5, 45, 46, 44, 0]
181;363;[0, 30, 29, 28, 33, 11, 42, 40, 34, 25, 53, 47, 50, 10, 55, 39, 49, 26, 48, 43, 38, 44, 46, 45, 23, 24, 1, 3, 2, 5, 4, 56, 58, 37, 36, 35, 57, 31, 32, 9, 6, 8, 7, 12, 13, 15, 14, 21, 22, 51, 52, 41, 54, 27, 18, 17, 16, 19, 20, 0]
182;365;[0, 30, 29, 28, 33, 53, 11, 42, 40, 34, 25, 47, 50, 10, 55, 39, 49, 26, 48, 43, 38, 44, 46, 45, 23, 24, 5, 2, 1, 3, 4, 56, 58, 37, 36, 35, 57, 31, 32, 9, 6, 8, 7, 12, 13, 15, 14, 21, 22, 51, 52, 41, 54, 27, 18, 16, 17, 19, 20, 0]
183;361;[0, 30, 29, 28, 38, 43, 48, 26, 49, 39, 55, 10, 50, 47, 53, 25, 34, 40, 42, 11, 33, 20, 19, 17, 16, 18, 27, 54, 41, 52, 51, 22, 21, 14, 15, 13, 12, 7, 8, 6, 9, 32, 31, 37, 36, 35, 57, 58, 56, 4, 3, 1, 2, 5, 24, 23, 45, 46, 44, 0]
184;360;[0, 43, 26, 49, 39, 55, 10, 50, 47, 53, 25, 34, 40, 42, 11, 33, 20, 19, 17, 16, 18, 27, 54, 41, 52, 51, 22, 21, 14, 15, 13, 12, 7, 8, 6, 9, 32, 31, 57, 35, 36, 37, 58, 56, 4, 3, 1, 2, 5, 24, 23, 45, 46, 44, 30, 29, 28, 48, 38, 0]
185;362;[0, 30, 29, 28, 33, 11, 42, 40, 34, 25, 53, 47, 50, 10, 55, 39, 49, 26, 48, 43, 38, 44, 46, 45, 23, 24, 5, 2, 1, 3, 4, 56, 58, 37, 36, 35, 57, 31, 32, 9, 6, 8, 7, 12, 13, 15, 14, 21, 22, 51, 52, 41, 54, 27, 18, 16, 17, 19, 20, 0]
186;369;[0, 30, 29, 28, 34, 40, 42, 53, 25, 11, 33, 47, 50, 10, 55, 39, 49, 26, 48, 43, 38, 44, 46, 45, 23, 24, 1, 3, 2, 5, 4, 56, 58, 37, 36, 35, 57, 31, 32, 9, 6, 8, 7, 12, 13, 15, 14, 21, 22, 51, 52, 41, 54, 27, 18, 16, 17, 19, 20, 0]
187;382;[0, 30, 29, 28, 33, 11, 42, 40, 34, 25, 53, 47, 50, 10, 55, 39, 49, 26, 48, 43, 38, 24, 23, 5, 2, 1, 3, 4, 56, 58, 32, 9, 6, 8, 7, 14, 21, 22, 51, 52, 41, 54, 27, 15, 13, 12, 31, 57, 35, 36, 37, 16, 17, 18, 19, 20, 44, 46, 45, 0]
188;362;[0, 30, 29, 28, 33, 11, 42, 40, 34, 25, 53, 47, 50, 10, 55, 39, 49, 26, 48, 43, 38, 44, 46, 45, 24, 23, 5, 2, 1, 3, 4, 56, 58, 37, 36, 35, 57, 31, 32, 9, 6, 8, 7, 12, 13, 15, 14, 21, 22, 51, 52, 41, 54, 27, 18, 16, 17, 19, 20, 0]
189;364;[0, 30, 29, 28, 38, 43, 48, 26, 49, 39, 55, 10, 50, 47, 25, 34, 40, 42, 11, 53, 33, 20, 19, 17, 16, 18, 27, 54, 41, 52, 51, 22, 21, 14, 15, 13, 12, 7, 8, 6, 9, 32, 31, 57, 35, 36, 37, 58, 56, 4, 3, 1, 2, 5, 24, 23, 45, 46, 44, 0]
190;360;[0, 30, 29, 28, 38, 43, 48, 26, 49, 39, 55, 10, 50, 47, 53, 25, 34, 40, 42, 11, 33, 20, 19, 17, 16, 18, 27, 54, 41, 52, 51, 22, 21, 14, 15, 13, 12, 7, 8, 6, 9, 32, 31, 57, 35, 36, 37, 58, 56, 4, 3, 1, 2, 5, 24, 23, 45, 46, 44, 0]
191;368;[0, 40, 42, 11, 25, 53, 33, 47, 50, 10, 55, 39, 49, 26, 48, 43, 38, 44, 46, 45, 24, 23, 5, 2, 1, 3, 4, 56, 58, 37, 36, 35, 57, 31, 32, 9, 6, 8, 7, 12, 13, 15, 14, 21, 22, 51, 52, 41, 54, 27, 18, 16, 17, 19, 20, 30, 29, 28, 34, 0]
192;360;[0, 30, 29, 28, 38, 43, 48, 26, 49, 39, 55, 10, 50, 47, 53, 25, 34, 40, 42, 11, 33, 20, 19, 17, 16, 18, 27, 54, 41, 52, 51, 22, 21, 14, 15, 13, 12, 7, 8, 6, 9, 32, 31, 57, 35, 36, 37, 58, 56, 4, 3, 1, 2, 5, 24, 23, 45, 46, 44, 0]
193;362;[0, 30, 29, 28, 33, 11, 42, 40, 34, 25, 53, 47, 50, 10, 55, 39, 49, 26, 48, 43, 38, 44, 46, 45, 23, 24, 5, 2, 1, 3, 4, 58, 56, 36, 35, 37, 57, 31, 32, 9, 6, 8, 7, 12, 13, 15, 14, 21, 22, 51, 52, 41, 54, 27, 18, 16, 17, 19, 20, 0]
194;362;[0, 30, 29, 28, 33, 11, 42, 40, 34, 25, 53, 47, 50, 10, 55, 39, 49, 26, 48, 43, 38, 44, 46, 45, 23, 24, 5, 2, 1, 3, 4, 56, 58, 37, 36, 35, 57, 31, 32, 9, 6, 8, 7, 12, 13, 15, 14, 21, 22, 51, 52, 41, 54, 27, 18, 16, 17, 19, 20, 0]
195;381;[0, 30, 29, 28, 33, 11, 42, 40, 34, 25, 53, 47, 50, 10, 55, 39, 49, 26, 48, 43, 38, 44, 46, 45, 23, 24, 5, 2, 1, 3, 4, 56, 58, 32, 9, 6, 8, 13, 12, 15, 27, 54, 41, 52, 51, 22, 21, 14, 7, 31, 57, 35, 36, 37, 16, 17, 19, 20, 18, 0]
196;381;[0, 30, 29, 28, 39, 34, 40, 42, 11, 25, 53, 33, 47, 50, 10, 55, 49, 26, 48, 43, 38, 24, 23, 5, 2, 1, 3, 4, 56, 58, 37, 36, 35, 57, 31, 32, 9, 6, 8, 7, 12, 13, 15, 14, 21, 22, 51, 52, 41, 54, 27, 18, 20, 19, 17, 16, 45, 46, 44, 0]
197;364;[0, 30, 44, 46, 45, 23, 24, 5, 2, 1, 3, 4, 56, 58, 37, 36, 35, 57, 31, 32, 9, 6, 8, 7, 12, 13, 15, 14, 21, 22, 51, 52, 41, 54, 27, 18, 16, 17, 19, 20, 33, 11, 42, 40, 34, 25, 53, 47, 50, 10, 55, 39, 49, 26, 48, 43, 38, 28, 29, 0]
198;361;[0, 30, 29, 28, 33, 11, 42, 40, 34, 25, 53, 47, 50, 10, 55, 39, 49, 26, 48, 43, 38, 24, 23, 16, 17, 19, 20, 18, 27, 54, 41, 52, 51, 22, 21, 14, 15, 13, 12, 7, 8, 6, 9, 32, 31, 57, 35, 36, 37, 58, 56, 4, 2, 5, 3, 1, 45, 46, 44, 0]
199;365;[0, 50, 10, 55, 39, 49, 26, 48, 43, 38, 24, 23, 5, 2, 1, 3, 4, 56, 58, 37, 36, 35, 57, 31, 32, 9, 6, 8, 7, 12, 13, 15, 14, 21, 22, 51, 52, 41, 54, 27, 18, 20, 19, 17, 16, 45, 46, 44, 30, 29, 28, 33, 11, 42, 40, 34, 25, 53, 47, 0]
200;361;[0, 30, 29, 28, 38, 43, 48, 26, 49, 39, 55, 10, 50, 47, 53, 25, 34, 40, 42, 11, 33, 20, 19, 17, 16, 18, 27, 54, 41, 52, 51, 22, 21, 14, 15, 13, 12, 7, 8, 6, 9, 32, 31, 57, 37, 35, 36, 56, 58, 4, 3, 1, 2, 5, 24, 23, 45, 46, 44, 0]
201;381;[0, 30, 44, 46, 45, 23, 24, 51, 52, 41, 54, 27, 22, 21, 14, 15, 13, 12, 7, 8, 6, 9, 32, 31, 57, 35, 36, 37, 58, 56, 4, 5, 2, 3, 1, 38, 43, 48, 26, 49, 55, 10, 50, 47, 53, 25, 34, 40, 42, 11, 33, 39, 20, 19, 17, 16, 18, 28, 29, 0]
202;381;[0, 30, 29, 28, 33, 11, 42, 40, 34, 25, 53, 47, 50, 10, 55, 39, 49, 26, 48, 43, 38, 44, 46, 45, 23, 24, 5, 2, 1, 3, 4, 56, 58, 32, 9, 6, 8, 13, 12, 15, 27, 54, 41, 52, 51, 22, 21, 14, 7, 31, 57, 35, 36, 37, 16, 17, 19, 20, 18, 0]
203;361;[0, 30, 29, 28, 38, 43, 48, 26, 49, 39, 55, 10, 50, 47, 53, 25, 34, 40, 42, 11, 33, 20, 19, 17, 16, 18, 27, 54, 41, 52, 51, 22, 21, 14, 15, 13, 12, 7, 8, 6, 9, 31, 32, 57, 37, 35, 36, 58, 56, 4, 3, 1, 2, 5, 24, 23, 45, 46, 44, 0]
204;362;[0, 30, 29, 28, 33, 11, 42, 40, 34, 25, 53, 47, 50, 10, 55, 39, 49, 26, 48, 43, 38, 44, 46, 45, 23, 24, 5, 2, 1, 3, 4, 56, 58, 37, 36, 35, 57, 31, 32, 9, 6, 8, 7, 12, 13, 15, 14, 21, 22, 51, 52, 41, 54, 27, 18, 16, 17, 19, 20, 0]
205;365;[0, 30, 29, 28, 33, 11, 42, 40, 34, 25, 53, 47, 50, 10, 55, 39, 49, 26, 48, 43, 38, 24, 23, 5, 2, 1, 3, 4, 56, 58, 37, 36, 35, 57, 31, 32, 9, 6, 8, 7, 12, 13, 15, 14, 21, 22, 51, 52, 41, 54, 27, 18, 20, 19, 17, 16, 45, 46, 44, 0]
206;361;[0, 30, 29, 28, 38, 43, 48, 26, 49, 39, 55, 10, 50, 47, 53, 25, 34, 40, 42, 11, 33, 20, 19, 17, 16, 18, 27, 54, 41, 52, 51, 22, 21, 14, 15, 13, 12, 7, 8, 6, 9, 32, 31, 37, 36, 35, 57, 58, 56, 4, 2, 1, 3, 5, 24, 23, 45, 46, 44, 0]
207;362;[0, 30, 29, 28, 38, 43, 48, 26, 49, 39, 55, 10, 50, 47, 53, 25, 34, 40, 42, 11, 33, 20, 19, 17, 16, 18, 27, 54, 41, 52, 51, 22, 21, 14, 15, 13, 12, 7, 8, 6, 9, 32, 31, 37, 36, 35, 57, 56, 58, 4, 5, 2, 3, 1, 24, 23, 45, 46, 44, 0]
208;361;[0, 30, 29, 28, 33, 11, 42, 40, 34, 25, 53, 47, 50, 10, 55, 39, 49, 26, 48, 43, 38, 44, 46, 45, 24, 23, 5, 3, 1, 2, 4, 56, 58, 57, 35, 36, 37, 31, 32, 9, 6, 8, 7, 12, 13, 15, 14, 21, 22, 51, 52, 41, 54, 27, 18, 17, 16, 19, 20, 0]
209;387;[0, 30, 29, 28, 33, 11, 42, 40, 34, 25, 53, 47, 50, 10, 55, 39, 49, 26, 48, 43, 38, 44, 46, 45, 23, 24, 5, 2, 56, 58, 37, 36, 35, 57, 31, 32, 6, 8, 7, 12, 13, 15, 14, 21, 22, 51, 52, 41, 54, 27, 9, 4, 3, 1, 16, 17, 19, 20, 18, 0]
210;370;[0, 30, 29, 28, 34, 40, 42, 53, 25, 11, 33, 47, 50, 10, 55, 39, 49, 26, 48, 43, 38, 24, 23, 5, 2, 1, 3, 4, 56, 58, 57, 35, 36, 37, 31, 32, 9, 6, 8, 7, 13, 12, 15, 14, 21, 22, 51, 52, 41, 54, 27, 18, 20, 19, 17, 16, 45, 46, 44, 0]
211;362;[0, 30, 28, 20, 19, 17, 16, 18, 27, 54, 41, 52, 51, 22, 21, 14, 15, 13, 12, 7, 8, 6, 9, 31, 32, 37, 36, 35, 57, 58, 56, 4, 3, 1, 2, 5, 24, 23, 45, 46, 44, 38, 43, 48, 26, 49, 39, 55, 10, 50, 47, 53, 25, 34, 40, 42, 11, 33, 29, 0]
212;360;[0, 30, 29, 28, 38, 43, 48, 26, 49, 39, 55, 10, 50, 47, 53, 25, 34, 40, 42, 11, 33, 20, 19, 17, 16, 18, 27, 54, 41, 52, 51, 22, 21, 14, 15, 13, 12, 7, 8, 6, 9, 32, 31, 57, 35, 36, 37, 58, 56, 4, 3, 1, 2, 5, 24, 23, 45, 46, 44, 0]
213;364;[0, 30, 29, 28, 33, 11, 42, 40, 34, 25, 53, 47, 50, 10, 55, 39, 49, 26, 48, 43, 38, 24, 23, 5, 2, 1, 3, 4, 56, 58, 57, 35, 36, 37, 31, 32, 9, 6, 8, 7, 12, 13, 15, 14, 21, 22, 51, 52, 41, 54, 27, 18, 20, 19, 17, 16, 45, 46, 44, 0]
214;371;[0, 30, 29, 28, 39, 33, 11, 42, 40, 34, 25, 53, 47, 50, 10, 55, 49, 26, 48, 43, 38, 24, 23, 16, 17, 19, 20, 18, 27, 54, 41, 52, 51, 22, 21, 14, 15, 13, 12, 7, 8, 6, 9, 32, 31, 57, 35, 36, 37, 58, 56, 4, 5, 2, 3, 1, 45, 46, 44, 0]
215;363;[0, 30, 29, 28, 33, 11, 42, 40, 34, 25, 53, 47, 50, 10, 55, 39, 49, 26, 48, 43, 38, 44, 46, 45, 23, 24, 1, 3, 2, 5, 4, 56, 58, 37, 36, 35, 57, 31, 32, 9, 6, 8, 7, 12, 13, 15, 14, 21, 22, 51, 52, 41, 54, 27, 18, 16, 17, 19, 20, 0]
216;361;[0, 30, 29, 28, 33, 11, 42, 40, 34, 25, 53, 47, 50, 10, 55, 39, 49, 26, 48, 43, 38, 24, 23, 16, 17, 19, 20, 18, 27, 54, 41, 52, 51, 22, 21, 14, 15, 13, 12, 7, 8, 6, 9, 32, 31, 57, 35, 36, 37, 58, 56, 4, 3, 5, 2, 1, 45, 46, 44, 0]
217;366;[0, 30, 29, 28, 18, 16, 17, 19, 20, 33, 11, 42, 40, 34, 25, 53, 47, 50, 10, 55, 39, 49, 26, 48, 43, 38, 23, 24, 51, 52, 41, 54, 27, 22, 21, 14, 15, 13, 12, 7, 8, 6, 9, 32, 31, 57, 35, 36, 37, 58, 56, 4, 3, 1, 2, 5, 45, 46, 44, 0]
218;371;[0, 30, 29, 28, 33, 11, 42, 40, 34, 25, 53, 47, 50, 10, 55, 39, 49, 26, 48, 43, 38, 36, 35, 37, 58, 56, 57, 31, 32, 9, 6, 8, 7, 12, 13, 15, 14, 21, 22, 51, 52, 41, 54, 27, 18, 20, 19, 17, 16, 1, 3, 4, 2, 5, 24, 23, 45, 46, 44, 0]
219;369;[0, 30, 44, 45, 24, 23, 5, 2, 1, 3, 4, 56, 58, 37, 36, 35, 57, 31, 32, 9, 6, 8, 7, 12, 13, 15, 14, 21, 22, 51, 52, 41, 54, 27, 18, 16, 17, 19, 20, 29, 28, 33, 11, 42, 40, 34, 25, 53, 47, 50, 10, 55, 39, 49, 26, 48, 43, 38, 46, 0]
220;360;[0, 49, 39, 55, 10, 50, 47, 53, 25, 34, 40, 42, 11, 33, 20, 19, 17, 16, 18, 27, 54, 41, 52, 51, 22, 21, 14, 15, 13, 12, 7, 8, 6, 9, 32, 31, 57, 35, 36, 37, 58, 56, 4, 3, 1, 2, 5, 24, 23, 45, 46, 44, 30, 29, 28, 48, 43, 38, 26, 0]
221;371;[0, 30, 29, 28, 33, 11, 42, 40, 34, 25, 53, 47, 50, 10, 55, 39, 49, 26, 48, 43, 38, 36, 35, 37, 58, 56, 57, 31, 32, 9, 6, 8, 7, 12, 13, 15, 14, 21, 22, 51, 52, 41, 54, 27, 18, 20, 19, 17, 16, 1, 3, 4, 2, 5, 24, 23, 45, 46, 44, 0]
222;381;[0, 30, 29, 28, 33, 11, 42, 40, 34, 25, 53, 47, 50, 10, 55, 39, 49, 26, 48, 43, 38, 44, 46, 45, 23, 24, 5, 2, 1, 3, 4, 56, 58, 32, 9, 6, 8, 13, 12, 15, 27, 54, 41, 52, 51, 22, 21, 14, 7, 31, 57, 35, 36, 37, 16, 17, 19, 20, 18, 0]
223;370;[0, 30, 20, 19, 17, 16, 18, 27, 54, 41, 52, 51, 22, 21, 14, 15, 13, 12, 7, 8, 6, 9, 32, 31, 57, 35, 36, 37, 58, 56, 4, 3, 1, 2, 5, 24, 23, 38, 43, 26, 49, 39, 55, 10, 50, 47, 53, 25, 34, 40, 42, 11, 33, 48, 28, 29, 44, 45, 46, 0]
224;360;[0, 30, 29, 28, 38, 43, 48, 26, 49, 39, 55, 10, 50, 47, 53, 25, 34, 40, 42, 11, 33, 20, 19, 17, 16, 18, 27, 54, 41, 52, 51, 22, 21, 14, 15, 13, 12, 7, 8, 6, 9, 32, 31, 57, 35, 36, 37, 58, 56, 4, 3, 1, 2, 5, 24, 23, 45, 46, 44, 0]
225;365;[0, 30, 29, 28, 33, 11, 42, 40, 34, 25, 53, 47, 50, 10, 55, 39, 49, 26, 48, 43, 38, 24, 23, 5, 3, 1, 2, 4, 56, 58, 37, 36, 35, 57, 31, 32, 9, 6, 8, 7, 12, 13, 15, 14, 21, 22, 51, 52, 41, 54, 27, 18, 20, 19, 17, 16, 45, 46, 44, 0]
226;361;[0, 30, 29, 28, 38, 43, 48, 26, 49, 39, 55, 10, 50, 47, 53, 25, 34, 40, 42, 11, 33, 20, 19, 17, 16, 18, 27, 54, 41, 52, 51, 22, 21, 14, 15, 13, 12, 7, 8, 6, 9, 32, 31, 37, 36, 35, 57, 58, 56, 4, 3, 1, 2, 5, 24, 23, 45, 46, 44, 0]
227;366;[0, 30, 29, 28, 17, 16, 18, 19, 20, 33, 11, 42, 40, 34, 25, 53, 47, 50, 10, 55, 39, 49, 26, 48, 43, 38, 23, 24, 51, 52, 41, 54, 27, 22, 21, 14, 15, 13, 12, 7, 8, 6, 9, 32, 31, 57, 35, 36, 37, 58, 56, 4, 3, 1, 2, 5, 45, 46, 44, 0]
228;360;[0, 30, 29, 28, 38, 43, 48, 26, 49, 39, 55, 10, 50, 47, 53, 25, 34, 40, 42, 11, 33, 20, 19, 17, 16, 18, 27, 54, 41, 52, 51, 22, 21, 14, 15, 13, 12, 7, 8, 6, 9, 32, 31, 57, 35, 36, 37, 58, 56, 4, 3, 1, 2, 5, 24, 23, 45, 46, 44, 0]
229;362;[0, 30, 29, 28, 33, 11, 42, 40, 34, 25, 53, 47, 50, 10, 55, 39, 49, 26, 48, 43, 38, 44, 46, 45, 23, 24, 5, 2, 1, 3, 4, 56, 58, 37, 36, 35, 57, 31, 32, 9, 6, 8, 7, 12, 13, 15, 14, 21, 22, 51, 52, 41, 54, 27, 18, 16, 17, 19, 20, 0]
230;360;[0, 30, 29, 28, 38, 43, 48, 26, 49, 39, 55, 10, 50, 47, 53, 25, 34, 40, 42, 11, 33, 20, 19, 17, 16, 18, 27, 54, 41, 52, 51, 22, 21, 14, 15, 13, 12, 7, 8, 6, 9, 31, 32, 57, 35, 36, 37, 58, 56, 4, 3, 1, 2, 5, 24, 23, 45, 46, 44, 0]
231;365;[0, 30, 29, 28, 33, 11, 42, 40, 34, 25, 53, 47, 50, 10, 55, 39, 49, 26, 48, 43, 38, 24, 23, 5, 2, 1, 3, 4, 56, 58, 37, 36, 35, 57, 31, 32, 9, 6, 8, 7, 12, 13, 15, 14, 21, 22, 51, 52, 41, 54, 27, 18, 20, 19, 17, 16, 45, 46, 44, 0]
232;366;[0, 30, 29, 33, 11, 42, 40, 34, 25, 53, 47, 50, 10, 55, 39, 49, 26, 48, 43, 38, 24, 23, 5, 2, 1, 3, 4, 56, 58, 37, 36, 35, 57, 31, 32, 9, 6, 8, 7, 12, 13, 15, 14, 21, 22, 51, 52, 41, 54, 27, 18, 16, 17, 19, 20, 28, 44, 46, 45, 0]
233;362;[0, 30, 29, 28, 33, 11, 42, 40, 34, 25, 53, 47, 50, 10, 55, 39, 49, 26, 48, 43, 38, 24, 23, 16, 17, 19, 20, 18, 27, 54, 41, 52, 51, 22, 21, 14, 15, 13, 12, 7, 8, 6, 9, 32, 31, 57, 37, 35, 36, 58, 56, 4, 3, 1, 2, 5, 45, 46, 44, 0]
234;363;[0, 49, 39, 55, 10, 50, 47, 53, 25, 34, 40, 42, 11, 33, 28, 29, 30, 44, 46, 45, 23, 24, 16, 17, 19, 20, 18, 27, 54, 41, 52, 51, 22, 21, 14, 15, 13, 12, 7, 8, 6, 9, 32, 31, 57, 35, 36, 37, 58, 56, 4, 5, 2, 3, 1, 38, 43, 48, 26, 0]
235;371;[0, 30, 29, 28, 34, 40, 42, 25, 53, 11, 33, 47, 50, 10, 55, 39, 49, 26, 48, 43, 38, 24, 23, 5, 2, 1, 3, 4, 56, 58, 37, 36, 35, 57, 31, 32, 9, 6, 8, 7, 12, 13, 15, 14, 21, 22, 51, 52, 41, 54, 27, 18, 20, 19, 17, 16, 45, 46, 44, 0]
236;362;[0, 30, 29, 28, 33, 11, 42, 40, 34, 25, 53, 47, 50, 10, 55, 39, 49, 26, 48, 43, 38, 44, 46, 45, 23, 24, 5, 3, 1, 2, 4, 56, 58, 36, 35, 37, 57, 31, 32, 9, 6, 8, 7, 12, 13, 15, 14, 21, 22, 51, 52, 41, 54, 27, 18, 16, 17, 19, 20, 0]
237;368;[0, 30, 29, 28, 34, 40, 42, 53, 25, 11, 33, 47, 50, 10, 55, 39, 49, 26, 48, 43, 38, 44, 46, 45, 23, 24, 5, 2, 1, 3, 4, 56, 58, 37, 36, 35, 57, 31, 32, 9, 6, 8, 7, 13, 12, 15, 14, 21, 22, 51, 52, 41, 54, 27, 18, 16, 17, 19, 20, 0]
238;362;[0, 30, 29, 28, 33, 11, 42, 40, 34, 25, 53, 47, 50, 10, 55, 39, 49, 26, 48, 43, 38, 44, 46, 45, 23, 24, 5, 2, 1, 3, 4, 56, 58, 37, 36, 35, 57, 31, 32, 9, 6, 8, 7, 12, 13, 15, 14, 21, 22, 51, 52, 41, 54, 27, 18, 16, 17, 19, 20, 0]
239;362;[0, 30, 29, 28, 33, 11, 42, 40, 34, 25, 53, 47, 50, 10, 55, 39, 49, 26, 48, 43, 38, 44, 46, 45, 23, 24, 5, 2, 1, 3, 4, 56, 58, 37, 36, 35, 57, 31, 32, 9, 6, 8, 7, 12, 13, 15, 14, 21, 22, 51, 52, 41, 54, 27, 18, 16, 17, 19, 20, 0]
240;361;[0, 30, 29, 28, 38, 43, 48, 26, 49, 39, 55, 10, 50, 47, 53, 25, 34, 40, 42, 11, 33, 20, 19, 17, 16, 18, 27, 54, 41, 52, 51, 22, 21, 14, 15, 13, 12, 7, 8, 6, 9, 32, 31, 37, 36, 35, 57, 56, 58, 4, 3, 1, 2, 5, 24, 23, 45, 46, 44, 0]
241;367;[0, 30, 29, 28, 20, 19, 17, 16, 18, 27, 54, 41, 52, 51, 22, 21, 14, 15, 13, 12, 7, 8, 6, 9, 32, 31, 57, 37, 35, 36, 56, 58, 4, 3, 5, 2, 1, 23, 24, 26, 49, 39, 55, 10, 50, 47, 53, 25, 34, 40, 42, 11, 33, 48, 43, 38, 45, 46, 44, 0]
242;386;[0, 30, 29, 28, 18, 16, 17, 19, 20, 33, 11, 42, 40, 34, 25, 53, 47, 50, 10, 55, 39, 49, 26, 48, 43, 38, 3, 1, 2, 4, 56, 58, 37, 36, 35, 57, 31, 32, 6, 8, 7, 12, 13, 15, 14, 21, 22, 51, 52, 41, 54, 27, 9, 5, 24, 23, 45, 46, 44, 0]
243;371;[0, 30, 29, 28, 39, 33, 11, 42, 40, 34, 25, 53, 47, 50, 10, 55, 49, 26, 48, 43, 38, 24, 23, 16, 17, 19, 20, 18, 27, 54, 41, 52, 51, 22, 21, 14, 15, 13, 12, 7, 8, 6, 9, 32, 31, 57, 35, 36, 37, 58, 56, 4, 5, 2, 3, 1, 45, 46, 44, 0]
244;363;[0, 32, 57, 37, 35, 36, 56, 58, 4, 5, 2, 3, 1, 45, 46, 44, 30, 29, 28, 33, 11, 42, 40, 34, 25, 53, 47, 50, 10, 55, 39, 49, 26, 48, 43, 38, 24, 23, 16, 17, 20, 19, 18, 27, 54, 41, 52, 51, 22, 21, 14, 15, 13, 12, 7, 8, 6, 9, 31, 0]
245;362;[0, 30, 29, 28, 33, 11, 42, 40, 34, 25, 53, 47, 50, 10, 55, 39, 49, 26, 48, 43, 38, 24, 23, 16, 17, 20, 19, 18, 27, 54, 41, 52, 51, 22, 21, 14, 15, 13, 12, 7, 8, 6, 9, 32, 31, 57, 35, 36, 37, 58, 56, 4, 3, 1, 2, 5, 45, 46, 44, 0]
246;365;[0, 30, 29, 28, 20, 19, 17, 16, 18, 27, 54, 41, 52, 51, 22, 21, 14, 15, 13, 12, 7, 8, 6, 9, 32, 31, 57, 35, 36, 37, 58, 56, 4, 3, 1, 2, 5, 24, 23, 26, 49, 39, 55, 10, 50, 47, 53, 25, 34, 40, 42, 11, 33, 48, 43, 38, 45, 46, 44, 0]
247;360;[0, 30, 29, 28, 38, 43, 48, 26, 49, 39, 55, 10, 50, 47, 53, 25, 34, 40, 42, 11, 33, 20, 19, 17, 16, 18, 27, 54, 41, 52, 51, 22, 21, 14, 15, 13, 12, 7, 8, 6, 9, 32, 31, 57, 35, 36, 37, 58, 56, 4, 3, 1, 2, 5, 24, 23, 45, 46, 44, 0]
248;361;[0, 30, 29, 28, 38, 43, 48, 26, 49, 39, 55, 10, 50, 47, 53, 25, 34, 40, 42, 11, 33, 20, 19, 17, 16, 18, 27, 54, 41, 52, 51, 22, 21, 14, 15, 13, 12, 7, 8, 6, 9, 32, 31, 57, 35, 36, 37, 58, 56, 4, 5, 2, 3, 1, 23, 24, 45, 46, 44, 0]
249;361;[0, 30, 29, 28, 33, 11, 42, 40, 34, 25, 53, 47, 50, 10, 55, 39, 49, 26, 48, 43, 38, 24, 23, 16, 17, 19, 20, 18, 27, 54, 41, 52, 51, 22, 21, 14, 15, 13, 12, 7, 8, 6, 9, 32, 31, 57, 35, 36, 37, 58, 56, 4, 3, 1, 2, 5, 45, 46, 44, 0]
250;368;[0, 30, 29, 28, 18, 16, 17, 19, 20, 33, 11, 42, 40, 34, 25, 53, 47, 50, 10, 55, 39, 49, 26, 48, 43, 38, 24, 23, 5, 2, 1, 3, 4, 58, 56, 57, 35, 36, 37, 31, 32, 9, 6, 8, 7, 12, 13, 15, 14, 21, 22, 51, 52, 41, 54, 27, 45, 46, 44, 0]
251;361;[0, 30, 29, 28, 33, 11, 42, 40, 34, 25, 53, 47, 50, 10, 55, 39, 49, 26, 48, 43, 38, 24, 23, 16, 17, 19, 20, 18, 27, 54, 41, 52, 51, 22, 21, 14, 15, 13, 12, 7, 8, 6, 9, 32, 31, 57, 35, 36, 37, 58, 56, 4, 3, 5, 2, 1, 45, 46, 44, 0]
252;360;[0, 30, 29, 28, 38, 43, 48, 26, 49, 39, 55, 10, 50, 47, 53, 25, 34, 40, 42, 11, 33, 20, 19, 17, 16, 18, 27, 54, 41, 52, 51, 22, 21, 14, 15, 13, 12, 7, 8, 6, 9, 32, 31, 57, 35, 36, 37, 58, 56, 4, 3, 1, 2, 5, 24, 23, 45, 46, 44, 0]
253;371;[0, 30, 29, 28, 33, 11, 42, 40, 34, 25, 53, 47, 50, 10, 55, 39, 49, 26, 48, 43, 38, 36, 35, 37, 58, 56, 57, 31, 32, 9, 6, 8, 7, 13, 12, 15, 14, 21, 22, 51, 52, 41, 54, 27, 18, 20, 19, 17, 16, 1, 3, 4, 2, 5, 24, 23, 45, 46, 44, 0]
254;364;[0, 19, 20, 33, 11, 42, 40, 34, 25, 53, 47, 50, 10, 55, 39, 49, 26, 48, 43, 38, 28, 29, 30, 44, 46, 45, 23, 24, 5, 3, 1, 2, 4, 56, 58, 37, 36, 35, 57, 31, 32, 9, 6, 8, 7, 12, 13, 15, 14, 21, 22, 51, 52, 41, 54, 27, 18, 16, 17, 0]
255;388;[0, 30, 29, 28, 33, 53, 11, 42, 40, 34, 25, 47, 50, 10, 55, 39, 49, 26, 48, 43, 38, 44, 46, 45, 23, 24, 5, 2, 56, 58, 37, 36, 35, 57, 31, 9, 6, 7, 12, 13, 14, 21, 22, 51, 52, 41, 54, 27, 15, 8, 32, 4, 3, 1, 16, 17, 19, 20, 18, 0]
256;362;[0, 30, 29, 28, 33, 11, 42, 40, 34, 25, 53, 47, 50, 10, 55, 39, 49, 26, 48, 43, 38, 24, 23, 16, 17, 19, 20, 18, 27, 54, 41, 52, 51, 22, 21, 14, 15, 13, 12, 7, 8, 6, 9, 32, 31, 36, 35, 37, 57, 56, 58, 4, 2, 5, 3, 1, 45, 46, 44, 0]
257;361;[0, 30, 29, 28, 38, 43, 48, 26, 49, 39, 55, 10, 50, 47, 53, 25, 34, 40, 42, 11, 33, 20, 19, 17, 16, 18, 27, 54, 41, 52, 51, 22, 21, 14, 15, 13, 12, 7, 8, 6, 9, 32, 31, 57, 37, 35, 36, 58, 56, 4, 3, 1, 2, 5, 24, 23, 45, 46, 44, 0]
258;368;[0, 30, 44, 23, 24, 5, 2, 1, 3, 4, 56, 58, 37, 36, 35, 57, 31, 32, 9, 6, 8, 7, 12, 13, 15, 14, 21, 22, 51, 52, 41, 54, 27, 18, 16, 17, 19, 20, 33, 11, 42, 40, 34, 25, 53, 47, 50, 10, 55, 39, 49, 26, 48, 43, 38, 45, 46, 29, 28, 0]
259;361;[0, 30, 29, 28, 33, 11, 42, 40, 34, 25, 53, 47, 50, 10, 55, 39, 49, 26, 48, 43, 38, 24, 23, 16, 17, 19, 20, 18, 27, 54, 41, 52, 51, 22, 21, 14, 15, 13, 12, 7, 8, 6, 9, 32, 31, 57, 35, 36, 37, 58, 56, 4, 3, 5, 2, 1, 45, 46, 44, 0]
260;377;[0, 8, 6, 9, 32, 31, 57, 37, 35, 36, 56, 58, 4, 3, 1, 2, 5, 24, 23, 45, 46, 44, 38, 43, 48, 26, 49, 39, 55, 10, 50, 47, 33, 11, 53, 25, 34, 42, 40, 28, 29, 30, 20, 19, 17, 16, 18, 27, 54, 41, 52, 51, 22, 21, 14, 15, 13, 12, 7, 0]
261;360;[0, 30, 29, 28, 38, 43, 48, 26, 49, 39, 55, 10, 50, 47, 53, 25, 34, 40, 42, 11, 33, 20, 19, 17, 16, 18, 27, 54, 41, 52, 51, 22, 21, 14, 15, 13, 12, 7, 8, 6, 9, 32, 31, 57, 35, 36, 37, 58, 56, 4, 3, 1, 2, 5, 24, 23, 45, 46, 44, 0]
262;360;[0, 30, 29, 28, 38, 43, 48, 26, 49, 39, 55, 10, 50, 47, 53, 25, 34, 40, 42, 11, 33, 20, 19, 17, 16, 18, 27, 54, 41, 52, 51, 22, 21, 14, 15, 13, 12, 7, 8, 6, 9, 32, 31, 57, 35, 36, 37, 58, 56, 4, 3, 1, 2, 5, 24, 23, 45, 46, 44, 0]
263;379;[0, 30, 29, 28, 18, 16, 17, 19, 20, 33, 11, 42, 40, 34, 25, 53, 47, 50, 10, 55, 39, 49, 26, 48, 43, 38, 24, 23, 5, 2, 1, 3, 4, 56, 58, 32, 9, 6, 8, 13, 12, 15, 27, 54, 41, 52, 51, 22, 21, 14, 7, 31, 57, 35, 36, 37, 45, 46, 44, 0]
264;361;[0, 30, 29, 28, 38, 43, 48, 26, 49, 39, 55, 10, 50, 47, 53, 25, 34, 40, 42, 11, 33, 20, 19, 17, 16, 18, 27, 54, 41, 52, 51, 22, 21, 14, 15, 13, 12, 7, 8, 6, 9, 32, 31, 37, 36, 35, 57, 58, 56, 4, 3, 1, 2, 5, 24, 23, 45, 46, 44, 0]
265;366;[0, 30, 29, 28, 20, 19, 17, 16, 18, 27, 54, 41, 52, 51, 22, 21, 14, 15, 13, 12, 7, 8, 6, 9, 32, 31, 57, 35, 36, 37, 58, 56, 4, 5, 2, 3, 1, 24, 23, 26, 49, 39, 55, 10, 50, 47, 53, 25, 34, 40, 42, 11, 33, 48, 43, 38, 45, 46, 44, 0]
266;367;[0, 30, 20, 19, 17, 16, 18, 27, 54, 41, 52, 51, 22, 21, 14, 15, 13, 12, 7, 8, 6, 9, 32, 31, 57, 35, 36, 37, 58, 56, 4, 3, 1, 2, 5, 24, 23, 45, 46, 44, 38, 43, 48, 26, 49, 39, 55, 10, 50, 47, 33, 53, 25, 11, 42, 40, 34, 28, 29, 0]
267;399;[0, 30, 29, 28, 34, 40, 42, 53, 25, 11, 33, 47, 50, 10, 55, 39, 49, 26, 48, 43, 38, 23, 24, 51, 52, 41, 54, 27, 18, 20, 19, 17, 16, 37, 36, 35, 57, 32, 9, 6, 8, 22, 21, 14, 15, 13, 12, 7, 31, 58, 56, 4, 3, 1, 2, 5, 45, 46, 44, 0]
268;362;[0, 30, 29, 28, 33, 11, 42, 40, 34, 25, 53, 47, 50, 10, 55, 39, 49, 26, 48, 43, 38, 44, 46, 45, 23, 24, 5, 2, 1, 3, 4, 56, 58, 37, 36, 35, 57, 31, 32, 9, 6, 8, 7, 13, 12, 15, 14, 21, 22, 51, 52, 41, 54, 27, 18, 17, 16, 19, 20, 0]
269;362;[0, 30, 29, 28, 38, 43, 48, 26, 49, 39, 55, 10, 50, 47, 53, 25, 34, 40, 42, 11, 33, 20, 19, 17, 16, 18, 27, 54, 41, 52, 51, 22, 21, 14, 15, 13, 12, 7, 8, 6, 9, 32, 31, 57, 37, 35, 36, 58, 56, 4, 5, 2, 3, 1, 23, 24, 45, 46, 44, 0]
270;365;[0, 30, 29, 28, 33, 53, 11, 42, 40, 34, 25, 47, 50, 10, 55, 39, 49, 26, 48, 43, 38, 44, 46, 45, 23, 24, 5, 2, 1, 3, 4, 56, 58, 37, 36, 35, 57, 31, 32, 9, 6, 8, 7, 12, 13, 15, 14, 21, 22, 51, 52, 41, 54, 27, 18, 17, 16, 19, 20, 0]
271;383;[0, 30, 29, 28, 18, 16, 17, 19, 20, 33, 11, 42, 40, 34, 25, 53, 47, 50, 10, 55, 39, 49, 26, 48, 43, 38, 3, 1, 2, 56, 6, 14, 21, 22, 51, 52, 41, 54, 27, 15, 13, 12, 7, 8, 9, 32, 31, 57, 35, 36, 37, 58, 4, 5, 24, 23, 45, 46, 44, 0]
272;380;[0, 30, 29, 28, 18, 16, 17, 19, 20, 33, 11, 42, 40, 34, 25, 53, 47, 50, 10, 55, 39, 49, 26, 48, 43, 38, 37, 36, 35, 57, 31, 32, 14, 21, 22, 51, 52, 41, 54, 27, 15, 13, 12, 7, 8, 6, 9, 58, 56, 4, 2, 1, 3, 5, 24, 23, 45, 46, 44, 0]
273;360;[0, 30, 29, 28, 38, 43, 48, 26, 49, 39, 55, 10, 50, 47, 53, 25, 34, 40, 42, 11, 33, 20, 19, 17, 16, 18, 27, 54, 41, 52, 51, 22, 21, 14, 15, 13, 12, 7, 8, 6, 9, 31, 32, 57, 35, 36, 37, 58, 56, 4, 3, 1, 2, 5, 24, 23, 45, 46, 44, 0]
274;361;[0, 30, 29, 28, 33, 11, 42, 40, 34, 25, 53, 47, 50, 10, 55, 39, 49, 26, 48, 43, 38, 24, 23, 16, 17, 19, 20, 18, 27, 54, 41, 52, 51, 22, 21, 14, 15, 13, 12, 7, 8, 6, 9, 32, 31, 57, 35, 36, 37, 58, 56, 4, 3, 5, 2, 1, 45, 46, 44, 0]
275;368;[0, 30, 29, 28, 34, 40, 42, 25, 53, 11, 33, 47, 50, 10, 55, 39, 49, 26, 48, 43, 38, 44, 46, 45, 23, 24, 5, 2, 1, 3, 4, 56, 58, 37, 36, 35, 57, 31, 32, 9, 6, 8, 7, 12, 13, 15, 14, 21, 22, 51, 52, 41, 54, 27, 18, 16, 17, 19, 20, 0]
276;365;[0, 30, 29, 28, 33, 11, 42, 40, 34, 25, 53, 47, 50, 10, 55, 39, 49, 26, 48, 43, 38, 24, 23, 5, 2, 1, 3, 4, 56, 58, 37, 36, 35, 57, 31, 32, 9, 6, 8, 7, 12, 13, 15, 14, 21, 22, 51, 52, 41, 54, 27, 18, 20, 19, 17, 16, 45, 46, 44, 0]
277;362;[0, 30, 29, 28, 33, 11, 42, 40, 34, 25, 53, 47, 50, 10, 55, 39, 49, 26, 48, 43, 38, 44, 46, 45, 23, 24, 5, 2, 1, 3, 4, 56, 58, 37, 36, 35, 57, 31, 32, 9, 6, 8, 7, 12, 13, 15, 14, 21, 22, 51, 52, 41, 54, 27, 18, 16, 17, 19, 20, 0]
278;365;[0, 30, 29, 28, 33, 11, 42, 40, 34, 25, 53, 47, 50, 10, 55, 39, 49, 26, 48, 43, 38, 24, 23, 5, 2, 1, 3, 4, 58, 56, 57, 37, 35, 36, 31, 32, 9, 6, 8, 7, 12, 13, 15, 14, 21, 22, 51, 52, 41, 54, 27, 18, 20, 19, 17, 16, 45, 46, 44, 0]
279;360;[0, 30, 29, 28, 38, 43, 48, 26, 49, 39, 55, 10, 50, 47, 53, 25, 34, 40, 42, 11, 33, 20, 19, 17, 16, 18, 27, 54, 41, 52, 51, 22, 21, 14, 15, 13, 12, 7, 8, 6, 9, 32, 31, 57, 35, 36, 37, 58, 56, 4, 3, 1, 2, 5, 24, 23, 45, 46, 44, 0]
280;365;[0, 30, 29, 28, 33, 11, 42, 40, 34, 25, 53, 47, 50, 10, 55, 39, 49, 26, 48, 43, 38, 24, 23, 5, 2, 1, 3, 4, 56, 58, 37, 36, 35, 57, 31, 32, 9, 6, 8, 7, 12, 13, 15, 14, 21, 22, 51, 52, 41, 54, 27, 18, 20, 19, 17, 16, 45, 46, 44, 0]
281;364;[0, 30, 29, 28, 33, 11, 42, 40, 34, 25, 53, 47, 50, 10, 55, 39, 49, 26, 48, 43, 38, 24, 23, 5, 2, 1, 3, 4, 56, 58, 37, 36, 35, 57, 31, 32, 9, 6, 8, 7, 12, 13, 15, 14, 21, 22, 51, 52, 41, 54, 27, 18, 19, 20, 17, 16, 45, 46, 44, 0]
282;371;[0, 34, 40, 42, 25, 53, 11, 33, 47, 50, 10, 55, 39, 49, 26, 48, 43, 38, 24, 23, 5, 2, 1, 3, 4, 56, 58, 37, 36, 35, 57, 31, 32, 9, 6, 8, 7, 12, 13, 15, 14, 21, 22, 51, 52, 41, 54, 27, 18, 16, 17, 19, 20, 44, 45, 46, 30, 29, 28, 0]
283;363;[0, 30, 29, 28, 33, 11, 42, 40, 34, 25, 53, 47, 50, 10, 55, 39, 49, 26, 48, 43, 38, 44, 46, 45, 23, 24, 1, 2, 3, 5, 4, 56, 58, 37, 36, 35, 57, 31, 32, 9, 6, 8, 7, 12, 13, 15, 14, 21, 22, 51, 52, 41, 54, 27, 18, 16, 17, 19, 20, 0]
284;369;[0, 30, 29, 48, 43, 38, 26, 49, 39, 55, 10, 50, 47, 25, 34, 40, 42, 11, 53, 33, 28, 20, 19, 17, 16, 18, 27, 54, 41, 52, 51, 22, 21, 14, 15, 13, 12, 7, 8, 6, 9, 32, 31, 57, 35, 36, 37, 58, 56, 4, 3, 1, 2, 5, 24, 23, 45, 46, 44, 0]
285;382;[0, 30, 29, 28, 33, 11, 42, 40, 34, 25, 53, 47, 50, 10, 55, 39, 49, 26, 48, 43, 38, 24, 23, 5, 2, 1, 3, 4, 56, 58, 32, 9, 6, 8, 15, 27, 54, 41, 52, 51, 22, 21, 14, 13, 12, 7, 31, 57, 35, 36, 37, 18, 16, 17, 19, 20, 44, 46, 45, 0]
286;367;[0, 30, 29, 28, 34, 40, 42, 25, 53, 11, 33, 47, 50, 10, 55, 39, 49, 26, 48, 43, 38, 24, 23, 16, 17, 19, 20, 18, 27, 54, 41, 52, 51, 22, 21, 14, 15, 13, 12, 7, 8, 6, 9, 32, 31, 57, 35, 36, 37, 58, 56, 4, 3, 5, 2, 1, 45, 46, 44, 0]
287;362;[0, 30, 29, 28, 33, 11, 42, 40, 34, 25, 53, 47, 50, 10, 55, 39, 49, 26, 48, 43, 38, 24, 23, 16, 17, 19, 20, 18, 27, 54, 41, 52, 51, 22, 21, 14, 15, 13, 12, 7, 8, 6, 9, 32, 31, 37, 36, 35, 57, 58, 56, 4, 2, 5, 3, 1, 45, 46, 44, 0]
288;365;[0, 30, 29, 28, 33, 11, 42, 40, 34, 25, 53, 47, 50, 10, 55, 39, 49, 26, 48, 43, 38, 24, 23, 5, 2, 1, 3, 4, 56, 58, 37, 36, 35, 57, 31, 32, 9, 6, 8, 7, 13, 12, 15, 14, 21, 22, 51, 52, 41, 54, 27, 18, 20, 19, 17, 16, 45, 46, 44, 0]
289;363;[0, 30, 29, 28, 33, 11, 42, 40, 34, 25, 53, 47, 50, 10, 55, 39, 49, 26, 48, 43, 38, 24, 23, 16, 17, 20, 19, 18, 27, 54, 41, 52, 51, 22, 21, 14, 15, 13, 12, 7, 8, 6, 9, 32, 31, 57, 37, 35, 36, 56, 58, 4, 2, 5, 3, 1, 45, 46, 44, 0]
290;365;[0, 30, 29, 28, 33, 11, 42, 40, 34, 25, 53, 47, 50, 10, 55, 39, 49, 26, 48, 43, 38, 24, 23, 5, 2, 1, 3, 4, 56, 58, 37, 36, 35, 57, 31, 32, 9, 6, 8, 7, 12, 13, 15, 14, 21, 22, 51, 52, 41, 54, 27, 18, 16, 17, 19, 20, 44, 46, 45, 0]
291;371;[0, 30, 29, 28, 33, 11, 42, 40, 34, 25, 53, 47, 50, 10, 55, 39, 49, 26, 48, 43, 38, 36, 35, 37, 58, 56, 57, 31, 32, 9, 6, 8, 7, 12, 13, 15, 14, 21, 22, 51, 52, 41, 54, 27, 18, 20, 19, 17, 16, 1, 3, 4, 2, 5, 24, 23, 45, 46, 44, 0]
292;360;[0, 50, 47, 53, 25, 34, 40, 42, 11, 33, 20, 19, 17, 16, 18, 27, 54, 41, 52, 51, 22, 21, 14, 15, 13, 12, 7, 8, 6, 9, 32, 31, 57, 35, 36, 37, 58, 56, 4, 3, 1, 2, 5, 24, 23, 45, 46, 44, 30, 29, 28, 38, 43, 48, 26, 49, 39, 55, 10, 0]
293;371;[0, 30, 29, 28, 34, 40, 42, 11, 25, 53, 33, 47, 50, 10, 55, 39, 49, 26, 48, 43, 38, 24, 23, 5, 2, 1, 3, 4, 56, 58, 37, 36, 35, 57, 31, 32, 9, 6, 8, 7, 12, 13, 15, 14, 21, 22, 51, 52, 41, 54, 27, 18, 20, 19, 17, 16, 45, 46, 44, 0]
294;367;[0, 30, 29, 28, 48, 33, 11, 42, 40, 34, 25, 53, 47, 50, 10, 55, 39, 49, 26, 43, 38, 24, 23, 16, 17, 19, 20, 18, 27, 54, 41, 52, 51, 22, 21, 14, 15, 13, 12, 7, 8, 6, 9, 32, 31, 57, 35, 36, 37, 58, 56, 4, 2, 5, 3, 1, 45, 46, 44, 0]
295;368;[0, 30, 29, 28, 34, 40, 42, 25, 53, 11, 33, 47, 50, 10, 55, 39, 49, 26, 48, 43, 38, 44, 46, 45, 23, 24, 5, 2, 1, 3, 4, 56, 58, 37, 36, 35, 57, 31, 32, 9, 6, 8, 7, 12, 13, 15, 14, 21, 22, 51, 52, 41, 54, 27, 18, 16, 17, 19, 20, 0]
296;383;[0, 30, 29, 28, 16, 17, 18, 19, 20, 33, 11, 42, 40, 34, 25, 53, 47, 50, 10, 55, 39, 49, 26, 48, 43, 38, 24, 23, 5, 56, 58, 37, 36, 35, 57, 31, 7, 12, 13, 15, 14, 21, 22, 51, 52, 41, 54, 27, 8, 6, 9, 32, 4, 3, 2, 1, 45, 46, 44, 0]
297;382;[0, 30, 29, 28, 33, 11, 42, 40, 34, 25, 53, 47, 50, 10, 55, 39, 49, 26, 48, 43, 38, 24, 23, 18, 20, 19, 17, 16, 1, 3, 56, 58, 57, 35, 36, 37, 7, 12, 13, 14, 21, 22, 51, 52, 41, 54, 27, 15, 8, 6, 9, 32, 31, 4, 2, 5, 45, 46, 44, 0]
298;366;[0, 30, 29, 28, 18, 16, 17, 19, 20, 33, 11, 42, 40, 34, 25, 53, 47, 50, 10, 55, 39, 49, 26, 48, 43, 38, 23, 24, 51, 52, 41, 54, 27, 22, 21, 14, 15, 13, 12, 7, 8, 6, 9, 32, 31, 57, 35, 36, 37, 58, 56, 4, 3, 1, 2, 5, 45, 46, 44, 0]
299;361;[0, 30, 29, 28, 38, 43, 48, 26, 49, 39, 55, 10, 50, 47, 53, 25, 34, 40, 42, 11, 33, 20, 19, 17, 16, 18, 27, 54, 41, 52, 51, 22, 21, 14, 15, 13, 12, 7, 8, 6, 9, 32, 31, 57, 35, 36, 37, 58, 56, 4, 5, 3, 2, 1, 24, 23, 45, 46, 44, 0]
